<annotation>
	<folder></folder>
	<filename>029b0d1ffdd49ab4_jpg.rf.f94fed347c60f1a3d1a469be6ec616d5.jpg</filename>
	<path>029b0d1ffdd49ab4_jpg.rf.f94fed347c60f1a3d1a469be6ec616d5.jpg</path>
	<source>
		<database>roboflow.com</database>
	</source>
	<size>
		<width>320</width>
		<height>320</height>
		<depth>3</depth>
	</size>
	<segmented>0</segmented>
	<object>
		<name>license</name>
		<pose>Unspecified</pose>
		<truncated>0</truncated>
		<difficult>0</difficult>
		<occluded>0</occluded>
		<bndbox>
			<xmin>59</xmin>
			<xmax>262</xmax>
			<ymin>78</ymin>
			<ymax>215</ymax>
		</bndbox>
	</object>
</annotation>
