<annotation>
	<folder></folder>
	<filename>02fee967ac39acf0_jpg.rf.75f79e9f501b2cc645cc95afd34de639.jpg</filename>
	<path>02fee967ac39acf0_jpg.rf.75f79e9f501b2cc645cc95afd34de639.jpg</path>
	<source>
		<database>roboflow.com</database>
	</source>
	<size>
		<width>320</width>
		<height>320</height>
		<depth>3</depth>
	</size>
	<segmented>0</segmented>
	<object>
		<name>license</name>
		<pose>Unspecified</pose>
		<truncated>0</truncated>
		<difficult>0</difficult>
		<occluded>0</occluded>
		<bndbox>
			<xmin>20</xmin>
			<xmax>319</xmax>
			<ymin>34</ymin>
			<ymax>251</ymax>
		</bndbox>
	</object>
</annotation>
