<annotation>
	<folder></folder>
	<filename>033a703a4771ba75_jpg.rf.8c9899fff4ccda1a76bc97146e4d8bc3.jpg</filename>
	<path>033a703a4771ba75_jpg.rf.8c9899fff4ccda1a76bc97146e4d8bc3.jpg</path>
	<source>
		<database>roboflow.com</database>
	</source>
	<size>
		<width>320</width>
		<height>320</height>
		<depth>3</depth>
	</size>
	<segmented>0</segmented>
	<object>
		<name>license</name>
		<pose>Unspecified</pose>
		<truncated>0</truncated>
		<difficult>0</difficult>
		<occluded>0</occluded>
		<bndbox>
			<xmin>58</xmin>
			<xmax>235</xmax>
			<ymin>147</ymin>
			<ymax>261</ymax>
		</bndbox>
	</object>
</annotation>
