<annotation>
	<folder></folder>
	<filename>033a703a4771ba75_jpg.rf.f9748dfec7f1961ca338d282be716af1.jpg</filename>
	<path>033a703a4771ba75_jpg.rf.f9748dfec7f1961ca338d282be716af1.jpg</path>
	<source>
		<database>roboflow.com</database>
	</source>
	<size>
		<width>320</width>
		<height>320</height>
		<depth>3</depth>
	</size>
	<segmented>0</segmented>
	<object>
		<name>license</name>
		<pose>Unspecified</pose>
		<truncated>0</truncated>
		<difficult>0</difficult>
		<occluded>0</occluded>
		<bndbox>
			<xmin>58</xmin>
			<xmax>235</xmax>
			<ymin>147</ymin>
			<ymax>261</ymax>
		</bndbox>
	</object>
</annotation>
