<annotation>
	<folder></folder>
	<filename>03f6fccf4da4b7fd_jpg.rf.0375d4cf06a556034f1cd3a20aa9c6a2.jpg</filename>
	<path>03f6fccf4da4b7fd_jpg.rf.0375d4cf06a556034f1cd3a20aa9c6a2.jpg</path>
	<source>
		<database>roboflow.com</database>
	</source>
	<size>
		<width>320</width>
		<height>320</height>
		<depth>3</depth>
	</size>
	<segmented>0</segmented>
	<object>
		<name>license</name>
		<pose>Unspecified</pose>
		<truncated>0</truncated>
		<difficult>0</difficult>
		<occluded>0</occluded>
		<bndbox>
			<xmin>50</xmin>
			<xmax>288</xmax>
			<ymin>117</ymin>
			<ymax>280</ymax>
		</bndbox>
	</object>
</annotation>
