<annotation>
	<folder></folder>
	<filename>044887495ef3a0d0_jpg.rf.6a4aa22b0843b8ff753288bde7f983b1.jpg</filename>
	<path>044887495ef3a0d0_jpg.rf.6a4aa22b0843b8ff753288bde7f983b1.jpg</path>
	<source>
		<database>roboflow.com</database>
	</source>
	<size>
		<width>320</width>
		<height>320</height>
		<depth>3</depth>
	</size>
	<segmented>0</segmented>
	<object>
		<name>license</name>
		<pose>Unspecified</pose>
		<truncated>0</truncated>
		<difficult>0</difficult>
		<occluded>0</occluded>
		<bndbox>
			<xmin>62</xmin>
			<xmax>268</xmax>
			<ymin>136</ymin>
			<ymax>279</ymax>
		</bndbox>
	</object>
</annotation>
