<annotation>
	<folder></folder>
	<filename>0480a6034f35ac0a_jpg.rf.b8b7115de7b53c7de91b6c868aa5791f.jpg</filename>
	<path>0480a6034f35ac0a_jpg.rf.b8b7115de7b53c7de91b6c868aa5791f.jpg</path>
	<source>
		<database>roboflow.com</database>
	</source>
	<size>
		<width>320</width>
		<height>320</height>
		<depth>3</depth>
	</size>
	<segmented>0</segmented>
	<object>
		<name>license</name>
		<pose>Unspecified</pose>
		<truncated>0</truncated>
		<difficult>0</difficult>
		<occluded>0</occluded>
		<bndbox>
			<xmin>105</xmin>
			<xmax>233</xmax>
			<ymin>132</ymin>
			<ymax>210</ymax>
		</bndbox>
	</object>
</annotation>
