<annotation>
	<folder></folder>
	<filename>04bba7e5960a0693_jpg.rf.0f687ee82d43d38683b8e1b61ff2863b.jpg</filename>
	<path>04bba7e5960a0693_jpg.rf.0f687ee82d43d38683b8e1b61ff2863b.jpg</path>
	<source>
		<database>roboflow.com</database>
	</source>
	<size>
		<width>320</width>
		<height>320</height>
		<depth>3</depth>
	</size>
	<segmented>0</segmented>
	<object>
		<name>license</name>
		<pose>Unspecified</pose>
		<truncated>0</truncated>
		<difficult>0</difficult>
		<occluded>0</occluded>
		<bndbox>
			<xmin>10</xmin>
			<xmax>321</xmax>
			<ymin>9</ymin>
			<ymax>238</ymax>
		</bndbox>
	</object>
</annotation>
