<annotation>
	<folder></folder>
	<filename>04bc55abd830f147_jpg.rf.c4c502cc3eaf6c0f9ab66712fd8dee05.jpg</filename>
	<path>04bc55abd830f147_jpg.rf.c4c502cc3eaf6c0f9ab66712fd8dee05.jpg</path>
	<source>
		<database>roboflow.com</database>
	</source>
	<size>
		<width>320</width>
		<height>320</height>
		<depth>3</depth>
	</size>
	<segmented>0</segmented>
	<object>
		<name>license</name>
		<pose>Unspecified</pose>
		<truncated>0</truncated>
		<difficult>0</difficult>
		<occluded>0</occluded>
		<bndbox>
			<xmin>87</xmin>
			<xmax>260</xmax>
			<ymin>115</ymin>
			<ymax>229</ymax>
		</bndbox>
	</object>
</annotation>
