<annotation>
	<folder></folder>
	<filename>05ee24bc047995a2_jpg.rf.2f2c841c3337da19bd0cff02f5b61e0b.jpg</filename>
	<path>05ee24bc047995a2_jpg.rf.2f2c841c3337da19bd0cff02f5b61e0b.jpg</path>
	<source>
		<database>roboflow.com</database>
	</source>
	<size>
		<width>320</width>
		<height>320</height>
		<depth>3</depth>
	</size>
	<segmented>0</segmented>
	<object>
		<name>license</name>
		<pose>Unspecified</pose>
		<truncated>0</truncated>
		<difficult>0</difficult>
		<occluded>0</occluded>
		<bndbox>
			<xmin>46</xmin>
			<xmax>269</xmax>
			<ymin>115</ymin>
			<ymax>193</ymax>
		</bndbox>
	</object>
</annotation>
