<annotation>
	<folder></folder>
	<filename>061c45e63f462e82_jpg.rf.a6d0d0dc45595e39cd2985f7be45316b.jpg</filename>
	<path>061c45e63f462e82_jpg.rf.a6d0d0dc45595e39cd2985f7be45316b.jpg</path>
	<source>
		<database>roboflow.com</database>
	</source>
	<size>
		<width>320</width>
		<height>320</height>
		<depth>3</depth>
	</size>
	<segmented>0</segmented>
	<object>
		<name>license</name>
		<pose>Unspecified</pose>
		<truncated>0</truncated>
		<difficult>0</difficult>
		<occluded>0</occluded>
		<bndbox>
			<xmin>99</xmin>
			<xmax>241</xmax>
			<ymin>124</ymin>
			<ymax>253</ymax>
		</bndbox>
	</object>
</annotation>
