<annotation>
	<folder></folder>
	<filename>0640fe309e2d025f_jpg.rf.11330eb39f3169379684a74cc18553f7.jpg</filename>
	<path>0640fe309e2d025f_jpg.rf.11330eb39f3169379684a74cc18553f7.jpg</path>
	<source>
		<database>roboflow.com</database>
	</source>
	<size>
		<width>320</width>
		<height>320</height>
		<depth>3</depth>
	</size>
	<segmented>0</segmented>
	<object>
		<name>license</name>
		<pose>Unspecified</pose>
		<truncated>0</truncated>
		<difficult>0</difficult>
		<occluded>0</occluded>
		<bndbox>
			<xmin>29</xmin>
			<xmax>297</xmax>
			<ymin>45</ymin>
			<ymax>163</ymax>
		</bndbox>
	</object>
</annotation>
