<annotation>
	<folder></folder>
	<filename>065dbafcc73531a0_jpg.rf.42f86991b1b63dc9b3c836b82a16150b.jpg</filename>
	<path>065dbafcc73531a0_jpg.rf.42f86991b1b63dc9b3c836b82a16150b.jpg</path>
	<source>
		<database>roboflow.com</database>
	</source>
	<size>
		<width>320</width>
		<height>320</height>
		<depth>3</depth>
	</size>
	<segmented>0</segmented>
	<object>
		<name>license</name>
		<pose>Unspecified</pose>
		<truncated>0</truncated>
		<difficult>0</difficult>
		<occluded>0</occluded>
		<bndbox>
			<xmin>1</xmin>
			<xmax>319</xmax>
			<ymin>100</ymin>
			<ymax>226</ymax>
		</bndbox>
	</object>
</annotation>
