<annotation>
	<folder></folder>
	<filename>06bf917a1448f872_jpg.rf.3062194095df93270eb496bf2060a847.jpg</filename>
	<path>06bf917a1448f872_jpg.rf.3062194095df93270eb496bf2060a847.jpg</path>
	<source>
		<database>roboflow.com</database>
	</source>
	<size>
		<width>320</width>
		<height>320</height>
		<depth>3</depth>
	</size>
	<segmented>0</segmented>
	<object>
		<name>license</name>
		<pose>Unspecified</pose>
		<truncated>0</truncated>
		<difficult>0</difficult>
		<occluded>0</occluded>
		<bndbox>
			<xmin>109</xmin>
			<xmax>305</xmax>
			<ymin>180</ymin>
			<ymax>281</ymax>
		</bndbox>
	</object>
</annotation>
