<annotation>
	<folder></folder>
	<filename>06e792fc023605b6_jpg.rf.ee59a2fed223dcff7152ba1461e5c4e7.jpg</filename>
	<path>06e792fc023605b6_jpg.rf.ee59a2fed223dcff7152ba1461e5c4e7.jpg</path>
	<source>
		<database>roboflow.com</database>
	</source>
	<size>
		<width>320</width>
		<height>320</height>
		<depth>3</depth>
	</size>
	<segmented>0</segmented>
	<object>
		<name>license</name>
		<pose>Unspecified</pose>
		<truncated>0</truncated>
		<difficult>0</difficult>
		<occluded>0</occluded>
		<bndbox>
			<xmin>43</xmin>
			<xmax>245</xmax>
			<ymin>140</ymin>
			<ymax>275</ymax>
		</bndbox>
	</object>
</annotation>
