<annotation>
	<folder></folder>
	<filename>06eac9d1a6d6750c_jpg.rf.00d95332d03519163ae6cad940d9575b.jpg</filename>
	<path>06eac9d1a6d6750c_jpg.rf.00d95332d03519163ae6cad940d9575b.jpg</path>
	<source>
		<database>roboflow.com</database>
	</source>
	<size>
		<width>320</width>
		<height>320</height>
		<depth>3</depth>
	</size>
	<segmented>0</segmented>
	<object>
		<name>license</name>
		<pose>Unspecified</pose>
		<truncated>0</truncated>
		<difficult>0</difficult>
		<occluded>0</occluded>
		<bndbox>
			<xmin>97</xmin>
			<xmax>213</xmax>
			<ymin>110</ymin>
			<ymax>256</ymax>
		</bndbox>
	</object>
</annotation>
