<annotation>
	<folder></folder>
	<filename>077fadddad9683b8_jpg.rf.0964d4c10fcf2c0c964b7d32acd8b7e6.jpg</filename>
	<path>077fadddad9683b8_jpg.rf.0964d4c10fcf2c0c964b7d32acd8b7e6.jpg</path>
	<source>
		<database>roboflow.com</database>
	</source>
	<size>
		<width>320</width>
		<height>320</height>
		<depth>3</depth>
	</size>
	<segmented>0</segmented>
	<object>
		<name>license</name>
		<pose>Unspecified</pose>
		<truncated>0</truncated>
		<difficult>0</difficult>
		<occluded>0</occluded>
		<bndbox>
			<xmin>53</xmin>
			<xmax>253</xmax>
			<ymin>90</ymin>
			<ymax>217</ymax>
		</bndbox>
	</object>
</annotation>
