<annotation>
	<folder></folder>
	<filename>0850a8ca09e934b1_jpg.rf.8064614d65499a9b52f49cbc66539932.jpg</filename>
	<path>0850a8ca09e934b1_jpg.rf.8064614d65499a9b52f49cbc66539932.jpg</path>
	<source>
		<database>roboflow.com</database>
	</source>
	<size>
		<width>320</width>
		<height>320</height>
		<depth>3</depth>
	</size>
	<segmented>0</segmented>
	<object>
		<name>license</name>
		<pose>Unspecified</pose>
		<truncated>0</truncated>
		<difficult>0</difficult>
		<occluded>0</occluded>
		<bndbox>
			<xmin>12</xmin>
			<xmax>301</xmax>
			<ymin>54</ymin>
			<ymax>248</ymax>
		</bndbox>
	</object>
</annotation>
