<annotation>
	<folder></folder>
	<filename>0a9e802d8bdce1d5_jpg.rf.6d969b5cd1f8b2c8882f146def346e2d.jpg</filename>
	<path>0a9e802d8bdce1d5_jpg.rf.6d969b5cd1f8b2c8882f146def346e2d.jpg</path>
	<source>
		<database>roboflow.com</database>
	</source>
	<size>
		<width>320</width>
		<height>320</height>
		<depth>3</depth>
	</size>
	<segmented>0</segmented>
	<object>
		<name>license</name>
		<pose>Unspecified</pose>
		<truncated>0</truncated>
		<difficult>0</difficult>
		<occluded>0</occluded>
		<bndbox>
			<xmin>40</xmin>
			<xmax>291</xmax>
			<ymin>32</ymin>
			<ymax>199</ymax>
		</bndbox>
	</object>
</annotation>
