<annotation>
	<folder></folder>
	<filename>0ab52ef2433a464f_jpg.rf.6a88ff9b1700aa2170366250a8259b27.jpg</filename>
	<path>0ab52ef2433a464f_jpg.rf.6a88ff9b1700aa2170366250a8259b27.jpg</path>
	<source>
		<database>roboflow.com</database>
	</source>
	<size>
		<width>320</width>
		<height>320</height>
		<depth>3</depth>
	</size>
	<segmented>0</segmented>
	<object>
		<name>license</name>
		<pose>Unspecified</pose>
		<truncated>0</truncated>
		<difficult>0</difficult>
		<occluded>0</occluded>
		<bndbox>
			<xmin>128</xmin>
			<xmax>222</xmax>
			<ymin>178</ymin>
			<ymax>251</ymax>
		</bndbox>
	</object>
</annotation>
