<annotation>
	<folder></folder>
	<filename>0abbd1a3aafa09b5_jpg.rf.51c75b9c077b21218f6b5290c7579fbd.jpg</filename>
	<path>0abbd1a3aafa09b5_jpg.rf.51c75b9c077b21218f6b5290c7579fbd.jpg</path>
	<source>
		<database>roboflow.com</database>
	</source>
	<size>
		<width>320</width>
		<height>320</height>
		<depth>3</depth>
	</size>
	<segmented>0</segmented>
	<object>
		<name>license</name>
		<pose>Unspecified</pose>
		<truncated>0</truncated>
		<difficult>0</difficult>
		<occluded>0</occluded>
		<bndbox>
			<xmin>53</xmin>
			<xmax>266</xmax>
			<ymin>159</ymin>
			<ymax>192</ymax>
		</bndbox>
	</object>
</annotation>
