<annotation>
	<folder></folder>
	<filename>0b5915e22c5d5698_jpg.rf.d5dbf343448c37daa5f5d1b5b115c3a3.jpg</filename>
	<path>0b5915e22c5d5698_jpg.rf.d5dbf343448c37daa5f5d1b5b115c3a3.jpg</path>
	<source>
		<database>roboflow.com</database>
	</source>
	<size>
		<width>320</width>
		<height>320</height>
		<depth>3</depth>
	</size>
	<segmented>0</segmented>
	<object>
		<name>license</name>
		<pose>Unspecified</pose>
		<truncated>0</truncated>
		<difficult>0</difficult>
		<occluded>0</occluded>
		<bndbox>
			<xmin>1</xmin>
			<xmax>320</xmax>
			<ymin>59</ymin>
			<ymax>239</ymax>
		</bndbox>
	</object>
</annotation>
