<annotation>
	<folder></folder>
	<filename>0b844bd4dae5e9c8_jpg.rf.5800dc416d5b06d9a0974b03ccd88712.jpg</filename>
	<path>0b844bd4dae5e9c8_jpg.rf.5800dc416d5b06d9a0974b03ccd88712.jpg</path>
	<source>
		<database>roboflow.com</database>
	</source>
	<size>
		<width>320</width>
		<height>320</height>
		<depth>3</depth>
	</size>
	<segmented>0</segmented>
	<object>
		<name>license</name>
		<pose>Unspecified</pose>
		<truncated>0</truncated>
		<difficult>0</difficult>
		<occluded>0</occluded>
		<bndbox>
			<xmin>1</xmin>
			<xmax>245</xmax>
			<ymin>41</ymin>
			<ymax>282</ymax>
		</bndbox>
	</object>
</annotation>
