<annotation>
	<folder></folder>
	<filename>0bc49bac8978eed9_jpg.rf.6abb3a52d492768d3c5846bbd6d61fd6.jpg</filename>
	<path>0bc49bac8978eed9_jpg.rf.6abb3a52d492768d3c5846bbd6d61fd6.jpg</path>
	<source>
		<database>roboflow.com</database>
	</source>
	<size>
		<width>320</width>
		<height>320</height>
		<depth>3</depth>
	</size>
	<segmented>0</segmented>
	<object>
		<name>license</name>
		<pose>Unspecified</pose>
		<truncated>0</truncated>
		<difficult>0</difficult>
		<occluded>0</occluded>
		<bndbox>
			<xmin>78</xmin>
			<xmax>247</xmax>
			<ymin>118</ymin>
			<ymax>233</ymax>
		</bndbox>
	</object>
</annotation>
