<annotation>
	<folder></folder>
	<filename>0bcb1b755eb8f211_jpg.rf.b724e5b9f8a76883c84e627e8242fdba.jpg</filename>
	<path>0bcb1b755eb8f211_jpg.rf.b724e5b9f8a76883c84e627e8242fdba.jpg</path>
	<source>
		<database>roboflow.com</database>
	</source>
	<size>
		<width>320</width>
		<height>320</height>
		<depth>3</depth>
	</size>
	<segmented>0</segmented>
	<object>
		<name>license</name>
		<pose>Unspecified</pose>
		<truncated>0</truncated>
		<difficult>0</difficult>
		<occluded>0</occluded>
		<bndbox>
			<xmin>13</xmin>
			<xmax>286</xmax>
			<ymin>99</ymin>
			<ymax>274</ymax>
		</bndbox>
	</object>
</annotation>
