<annotation>
	<folder></folder>
	<filename>0bf6924e28109d79_jpg.rf.19ac90cea69d8241332cdcc89c2504e7.jpg</filename>
	<path>0bf6924e28109d79_jpg.rf.19ac90cea69d8241332cdcc89c2504e7.jpg</path>
	<source>
		<database>roboflow.com</database>
	</source>
	<size>
		<width>320</width>
		<height>320</height>
		<depth>3</depth>
	</size>
	<segmented>0</segmented>
	<object>
		<name>license</name>
		<pose>Unspecified</pose>
		<truncated>0</truncated>
		<difficult>0</difficult>
		<occluded>0</occluded>
		<bndbox>
			<xmin>32</xmin>
			<xmax>295</xmax>
			<ymin>75</ymin>
			<ymax>273</ymax>
		</bndbox>
	</object>
</annotation>
