<annotation>
	<folder></folder>
	<filename>0c0ac55f447972cd_jpg.rf.108e95448a47de98458267499e94d102.jpg</filename>
	<path>0c0ac55f447972cd_jpg.rf.108e95448a47de98458267499e94d102.jpg</path>
	<source>
		<database>roboflow.com</database>
	</source>
	<size>
		<width>320</width>
		<height>320</height>
		<depth>3</depth>
	</size>
	<segmented>0</segmented>
	<object>
		<name>license</name>
		<pose>Unspecified</pose>
		<truncated>0</truncated>
		<difficult>0</difficult>
		<occluded>0</occluded>
		<bndbox>
			<xmin>1</xmin>
			<xmax>321</xmax>
			<ymin>101</ymin>
			<ymax>256</ymax>
		</bndbox>
	</object>
</annotation>
