<annotation>
	<folder></folder>
	<filename>0c895b1d00fc072c_jpg.rf.b3c9a2ea22b64f7b5da55d2f2a9c1c46.jpg</filename>
	<path>0c895b1d00fc072c_jpg.rf.b3c9a2ea22b64f7b5da55d2f2a9c1c46.jpg</path>
	<source>
		<database>roboflow.com</database>
	</source>
	<size>
		<width>320</width>
		<height>320</height>
		<depth>3</depth>
	</size>
	<segmented>0</segmented>
	<object>
		<name>license</name>
		<pose>Unspecified</pose>
		<truncated>0</truncated>
		<difficult>0</difficult>
		<occluded>0</occluded>
		<bndbox>
			<xmin>28</xmin>
			<xmax>291</xmax>
			<ymin>59</ymin>
			<ymax>235</ymax>
		</bndbox>
	</object>
</annotation>
