<annotation>
	<folder></folder>
	<filename>0caa00dfc316a498_jpg.rf.61cecb2babb06359a0660cf3784e568f.jpg</filename>
	<path>0caa00dfc316a498_jpg.rf.61cecb2babb06359a0660cf3784e568f.jpg</path>
	<source>
		<database>roboflow.com</database>
	</source>
	<size>
		<width>320</width>
		<height>320</height>
		<depth>3</depth>
	</size>
	<segmented>0</segmented>
	<object>
		<name>license</name>
		<pose>Unspecified</pose>
		<truncated>0</truncated>
		<difficult>0</difficult>
		<occluded>0</occluded>
		<bndbox>
			<xmin>13</xmin>
			<xmax>306</xmax>
			<ymin>107</ymin>
			<ymax>299</ymax>
		</bndbox>
	</object>
</annotation>
