<annotation>
	<folder></folder>
	<filename>0d3eb38d0b288091_jpg.rf.d900ef47a9ac53833e948a6a97b9a852.jpg</filename>
	<path>0d3eb38d0b288091_jpg.rf.d900ef47a9ac53833e948a6a97b9a852.jpg</path>
	<source>
		<database>roboflow.com</database>
	</source>
	<size>
		<width>320</width>
		<height>320</height>
		<depth>3</depth>
	</size>
	<segmented>0</segmented>
	<object>
		<name>license</name>
		<pose>Unspecified</pose>
		<truncated>0</truncated>
		<difficult>0</difficult>
		<occluded>0</occluded>
		<bndbox>
			<xmin>102</xmin>
			<xmax>244</xmax>
			<ymin>112</ymin>
			<ymax>204</ymax>
		</bndbox>
	</object>
</annotation>
