<annotation>
	<folder></folder>
	<filename>0e617f1eb453ebfe_jpg.rf.5d153da4037d584f33f4b19047f7ed6b.jpg</filename>
	<path>0e617f1eb453ebfe_jpg.rf.5d153da4037d584f33f4b19047f7ed6b.jpg</path>
	<source>
		<database>roboflow.com</database>
	</source>
	<size>
		<width>320</width>
		<height>320</height>
		<depth>3</depth>
	</size>
	<segmented>0</segmented>
	<object>
		<name>license</name>
		<pose>Unspecified</pose>
		<truncated>0</truncated>
		<difficult>0</difficult>
		<occluded>0</occluded>
		<bndbox>
			<xmin>4</xmin>
			<xmax>314</xmax>
			<ymin>92</ymin>
			<ymax>265</ymax>
		</bndbox>
	</object>
</annotation>
