<annotation>
	<folder></folder>
	<filename>0ecbad438de3dab2_jpg.rf.9c14205103f8d6f739b6922460087a3d.jpg</filename>
	<path>0ecbad438de3dab2_jpg.rf.9c14205103f8d6f739b6922460087a3d.jpg</path>
	<source>
		<database>roboflow.com</database>
	</source>
	<size>
		<width>320</width>
		<height>320</height>
		<depth>3</depth>
	</size>
	<segmented>0</segmented>
	<object>
		<name>license</name>
		<pose>Unspecified</pose>
		<truncated>0</truncated>
		<difficult>0</difficult>
		<occluded>0</occluded>
		<bndbox>
			<xmin>1</xmin>
			<xmax>320</xmax>
			<ymin>3</ymin>
			<ymax>319</ymax>
		</bndbox>
	</object>
</annotation>
