<annotation>
	<folder></folder>
	<filename>0ece0bf7fa32d214_jpg.rf.3ac50babc5f7c30d2b393b53dbc6980e.jpg</filename>
	<path>0ece0bf7fa32d214_jpg.rf.3ac50babc5f7c30d2b393b53dbc6980e.jpg</path>
	<source>
		<database>roboflow.com</database>
	</source>
	<size>
		<width>320</width>
		<height>320</height>
		<depth>3</depth>
	</size>
	<segmented>0</segmented>
	<object>
		<name>license</name>
		<pose>Unspecified</pose>
		<truncated>0</truncated>
		<difficult>0</difficult>
		<occluded>0</occluded>
		<bndbox>
			<xmin>15</xmin>
			<xmax>305</xmax>
			<ymin>66</ymin>
			<ymax>321</ymax>
		</bndbox>
	</object>
</annotation>
