<annotation>
	<folder></folder>
	<filename>0f506dd9bcf2a799_jpg.rf.c6357fce6d93a3a3ae639d23ef0eecc9.jpg</filename>
	<path>0f506dd9bcf2a799_jpg.rf.c6357fce6d93a3a3ae639d23ef0eecc9.jpg</path>
	<source>
		<database>roboflow.com</database>
	</source>
	<size>
		<width>320</width>
		<height>320</height>
		<depth>3</depth>
	</size>
	<segmented>0</segmented>
	<object>
		<name>license</name>
		<pose>Unspecified</pose>
		<truncated>0</truncated>
		<difficult>0</difficult>
		<occluded>0</occluded>
		<bndbox>
			<xmin>42</xmin>
			<xmax>305</xmax>
			<ymin>86</ymin>
			<ymax>263</ymax>
		</bndbox>
	</object>
</annotation>
