<annotation>
	<folder></folder>
	<filename>0f5cb69ab22988cc_jpg.rf.28f18592ae1cb31979c09b3fed46179d.jpg</filename>
	<path>0f5cb69ab22988cc_jpg.rf.28f18592ae1cb31979c09b3fed46179d.jpg</path>
	<source>
		<database>roboflow.com</database>
	</source>
	<size>
		<width>320</width>
		<height>320</height>
		<depth>3</depth>
	</size>
	<segmented>0</segmented>
	<object>
		<name>license</name>
		<pose>Unspecified</pose>
		<truncated>0</truncated>
		<difficult>0</difficult>
		<occluded>0</occluded>
		<bndbox>
			<xmin>134</xmin>
			<xmax>195</xmax>
			<ymin>120</ymin>
			<ymax>143</ymax>
		</bndbox>
	</object>
</annotation>
