<annotation>
	<folder></folder>
	<filename>0fbb598f28a9aec5_jpg.rf.a4e612057fe170a9d06deed830d99809.jpg</filename>
	<path>0fbb598f28a9aec5_jpg.rf.a4e612057fe170a9d06deed830d99809.jpg</path>
	<source>
		<database>roboflow.com</database>
	</source>
	<size>
		<width>320</width>
		<height>320</height>
		<depth>3</depth>
	</size>
	<segmented>0</segmented>
	<object>
		<name>license</name>
		<pose>Unspecified</pose>
		<truncated>0</truncated>
		<difficult>0</difficult>
		<occluded>0</occluded>
		<bndbox>
			<xmin>99</xmin>
			<xmax>202</xmax>
			<ymin>106</ymin>
			<ymax>187</ymax>
		</bndbox>
	</object>
</annotation>
