<annotation>
	<folder></folder>
	<filename>0h288a1h6gna1_jpg.rf.ef531dc66d39915f97c8397799a0e1db.jpg</filename>
	<path>0h288a1h6gna1_jpg.rf.ef531dc66d39915f97c8397799a0e1db.jpg</path>
	<source>
		<database>roboflow.com</database>
	</source>
	<size>
		<width>320</width>
		<height>320</height>
		<depth>3</depth>
	</size>
	<segmented>0</segmented>
	<object>
		<name>license</name>
		<pose>Unspecified</pose>
		<truncated>0</truncated>
		<difficult>0</difficult>
		<occluded>0</occluded>
		<bndbox>
			<xmin>124</xmin>
			<xmax>179</xmax>
			<ymin>159</ymin>
			<ymax>193</ymax>
		</bndbox>
		<polygon>
			<x1>177.5</x1>
			<y1>159.466667</y1>
			<x2>123</x2>
			<y2>157.6</y2>
			<x3>123.2</x3>
			<y3>191.333333</y3>
			<x4>175.7</x4>
			<y4>192.133333</y4>
			<x5>177.5</x5>
			<y5>159.466667</y5>
		</polygon>
	</object>
</annotation>
