<annotation>
	<folder></folder>
	<filename>0h288a1h6gna1_jpg.rf.eeb4ee685750ebf4d5e1cec485edc804.jpg</filename>
	<path>0h288a1h6gna1_jpg.rf.eeb4ee685750ebf4d5e1cec485edc804.jpg</path>
	<source>
		<database>roboflow.com</database>
	</source>
	<size>
		<width>320</width>
		<height>320</height>
		<depth>3</depth>
	</size>
	<segmented>0</segmented>
	<object>
		<name>license</name>
		<pose>Unspecified</pose>
		<truncated>0</truncated>
		<difficult>0</difficult>
		<occluded>0</occluded>
		<bndbox>
			<xmin>124</xmin>
			<xmax>179</xmax>
			<ymin>159</ymin>
			<ymax>193</ymax>
		</bndbox>
		<polygon>
			<x1>123.2</x1>
			<y1>191.333333</y1>
			<x2>175.7</x2>
			<y2>192.133333</y2>
			<x3>177.5</x3>
			<y3>159.466667</y3>
			<x4>123</x4>
			<y4>157.6</y4>
			<x5>123.2</x5>
			<y5>191.333333</y5>
		</polygon>
	</object>
</annotation>
