<annotation>
	<folder></folder>
	<filename>0wa1p1qvveoa1_jpg.rf.b3773fb87290a7799142dcd35b208bd2.jpg</filename>
	<path>0wa1p1qvveoa1_jpg.rf.b3773fb87290a7799142dcd35b208bd2.jpg</path>
	<source>
		<database>roboflow.com</database>
	</source>
	<size>
		<width>320</width>
		<height>320</height>
		<depth>3</depth>
	</size>
	<segmented>0</segmented>
	<object>
		<name>license</name>
		<pose>Unspecified</pose>
		<truncated>0</truncated>
		<difficult>0</difficult>
		<occluded>0</occluded>
		<bndbox>
			<xmin>84</xmin>
			<xmax>125</xmax>
			<ymin>185</ymin>
			<ymax>209</ymax>
		</bndbox>
		<polygon>
			<x1>83.275</x1>
			<y1>207.773978</y1>
			<x2>122.98</x2>
			<y2>207.773978</y2>
			<x3>123.87</x3>
			<y3>184.689963</y3>
			<x4>84.165</x4>
			<y4>184.160595</y4>
			<x5>83.275</x5>
			<y5>207.773978</y5>
		</polygon>
	</object>
</annotation>
