<annotation>
	<folder></folder>
	<filename>0wa1p1qvveoa1_jpg.rf.ef214708700a77c50968a3bf1f759d98.jpg</filename>
	<path>0wa1p1qvveoa1_jpg.rf.ef214708700a77c50968a3bf1f759d98.jpg</path>
	<source>
		<database>roboflow.com</database>
	</source>
	<size>
		<width>320</width>
		<height>320</height>
		<depth>3</depth>
	</size>
	<segmented>0</segmented>
	<object>
		<name>license</name>
		<pose>Unspecified</pose>
		<truncated>0</truncated>
		<difficult>0</difficult>
		<occluded>0</occluded>
		<bndbox>
			<xmin>84</xmin>
			<xmax>125</xmax>
			<ymin>185</ymin>
			<ymax>209</ymax>
		</bndbox>
		<polygon>
			<x1>123.87</x1>
			<y1>184.689963</y1>
			<x2>84.165</x2>
			<y2>184.160595</y2>
			<x3>83.275</x3>
			<y3>207.773978</y3>
			<x4>122.98</x4>
			<y4>207.773978</y4>
			<x5>123.87</x5>
			<y5>184.689963</y5>
		</polygon>
	</object>
</annotation>
