<annotation>
	<folder></folder>
	<filename>10070c99dc796e80_jpg.rf.889ffc433bd90664d6924a98e3d75cdc.jpg</filename>
	<path>10070c99dc796e80_jpg.rf.889ffc433bd90664d6924a98e3d75cdc.jpg</path>
	<source>
		<database>roboflow.com</database>
	</source>
	<size>
		<width>320</width>
		<height>320</height>
		<depth>3</depth>
	</size>
	<segmented>0</segmented>
	<object>
		<name>license</name>
		<pose>Unspecified</pose>
		<truncated>0</truncated>
		<difficult>0</difficult>
		<occluded>0</occluded>
		<bndbox>
			<xmin>98</xmin>
			<xmax>210</xmax>
			<ymin>115</ymin>
			<ymax>222</ymax>
		</bndbox>
	</object>
</annotation>
