<annotation>
	<folder></folder>
	<filename>100_jpg.rf.5f609284e97655cac9eb54565378c1f4.jpg</filename>
	<path>100_jpg.rf.5f609284e97655cac9eb54565378c1f4.jpg</path>
	<source>
		<database>roboflow.com</database>
	</source>
	<size>
		<width>320</width>
		<height>320</height>
		<depth>3</depth>
	</size>
	<segmented>0</segmented>
	<object>
		<name>license</name>
		<pose>Unspecified</pose>
		<truncated>0</truncated>
		<difficult>0</difficult>
		<occluded>0</occluded>
		<bndbox>
			<xmin>94</xmin>
			<xmax>171</xmax>
			<ymin>168</ymin>
			<ymax>204</ymax>
		</bndbox>
		<polygon>
			<x1>167.8125</x1>
			<y1>170.061953</y1>
			<x2>118.4375</x2>
			<y2>167.561042</y2>
			<x3>104.6875</x3>
			<y3>168.394679</y3>
			<x4>99.0625</x4>
			<y4>166.727405</y4>
			<x5>93.75</x5>
			<y5>167.977861</y5>
			<x6>93.125</x6>
			<y6>198.822431</y6>
			<x7>94.6875</x7>
			<y7>200.906523</y7>
			<x8>168.75</x8>
			<y8>202.990616</y8>
			<x9>170</x9>
			<y9>200.489705</y9>
			<x10>170</x10>
			<y10>180.482416</y10>
			<x11>169.375</x11>
			<y11>172.146046</y11>
			<x12>167.8125</x12>
			<y12>170.061953</y12>
		</polygon>
	</object>
</annotation>
