<annotation>
	<folder></folder>
	<filename>100_jpg.rf.00049689794836d4551cf8383a1806a9.jpg</filename>
	<path>100_jpg.rf.00049689794836d4551cf8383a1806a9.jpg</path>
	<source>
		<database>roboflow.com</database>
	</source>
	<size>
		<width>320</width>
		<height>320</height>
		<depth>3</depth>
	</size>
	<segmented>0</segmented>
	<object>
		<name>license</name>
		<pose>Unspecified</pose>
		<truncated>0</truncated>
		<difficult>0</difficult>
		<occluded>0</occluded>
		<bndbox>
			<xmin>94</xmin>
			<xmax>171</xmax>
			<ymin>168</ymin>
			<ymax>204</ymax>
		</bndbox>
		<polygon>
			<x1>94.6875</x1>
			<y1>200.906523</y1>
			<x2>168.75</x2>
			<y2>202.990616</y2>
			<x3>170</x3>
			<y3>200.489705</y3>
			<x4>170</x4>
			<y4>180.482416</y4>
			<x5>169.375</x5>
			<y5>172.146046</y5>
			<x6>167.8125</x6>
			<y6>170.061953</y6>
			<x7>118.4375</x7>
			<y7>167.561042</y7>
			<x8>104.6875</x8>
			<y8>168.394679</y8>
			<x9>99.0625</x9>
			<y9>166.727405</y9>
			<x10>93.75</x10>
			<y10>167.977861</y10>
			<x11>93.125</x11>
			<y11>198.822431</y11>
			<x12>94.6875</x12>
			<y12>200.906523</y12>
		</polygon>
	</object>
</annotation>
