<annotation>
	<folder></folder>
	<filename>101_jpg.rf.daafb9f17e10b781eb4de6c04ea1320c.jpg</filename>
	<path>101_jpg.rf.daafb9f17e10b781eb4de6c04ea1320c.jpg</path>
	<source>
		<database>roboflow.com</database>
	</source>
	<size>
		<width>320</width>
		<height>320</height>
		<depth>3</depth>
	</size>
	<segmented>0</segmented>
	<object>
		<name>license</name>
		<pose>Unspecified</pose>
		<truncated>0</truncated>
		<difficult>0</difficult>
		<occluded>0</occluded>
		<bndbox>
			<xmin>69</xmin>
			<xmax>192</xmax>
			<ymin>86</ymin>
			<ymax>151</ymax>
		</bndbox>
		<polygon>
			<x1>185.9375</x1>
			<y1>149.221028</y1>
			<x2>188.125</x2>
			<y2>142.96875</y2>
			<x3>190.625</x3>
			<y3>93.784166</y3>
			<x4>187.8125</x4>
			<y4>91.700073</y4>
			<x5>73.125</x5>
			<y5>85.447795</y5>
			<x6>68.125</x6>
			<y6>139.634202</y6>
			<x7>70.3125</x7>
			<y7>141.718295</y7>
			<x8>135.9375</x8>
			<y8>148.387391</y8>
			<x9>181.875</x9>
			<y9>149.637846</y9>
			<x10>185.9375</x10>
			<y10>149.221028</y10>
		</polygon>
	</object>
</annotation>
