<annotation>
	<folder></folder>
	<filename>101_jpg.rf.98d48050df2899eb063cf5e649a022c9.jpg</filename>
	<path>101_jpg.rf.98d48050df2899eb063cf5e649a022c9.jpg</path>
	<source>
		<database>roboflow.com</database>
	</source>
	<size>
		<width>320</width>
		<height>320</height>
		<depth>3</depth>
	</size>
	<segmented>0</segmented>
	<object>
		<name>license</name>
		<pose>Unspecified</pose>
		<truncated>0</truncated>
		<difficult>0</difficult>
		<occluded>0</occluded>
		<bndbox>
			<xmin>69</xmin>
			<xmax>192</xmax>
			<ymin>86</ymin>
			<ymax>151</ymax>
		</bndbox>
		<polygon>
			<x1>187.8125</x1>
			<y1>91.700073</y1>
			<x2>73.125</x2>
			<y2>85.447795</y2>
			<x3>68.125</x3>
			<y3>139.634202</y3>
			<x4>70.3125</x4>
			<y4>141.718295</y4>
			<x5>135.9375</x5>
			<y5>148.387391</y5>
			<x6>181.875</x6>
			<y6>149.637846</y6>
			<x7>185.9375</x7>
			<y7>149.221028</y7>
			<x8>188.125</x8>
			<y8>142.96875</y8>
			<x9>190.625</x9>
			<y9>93.784166</y9>
			<x10>187.8125</x10>
			<y10>91.700073</y10>
		</polygon>
	</object>
</annotation>
