<annotation>
	<folder></folder>
	<filename>102_jpg.rf.2466d4a0b8aeca05b2c4aab24db6e203.jpg</filename>
	<path>102_jpg.rf.2466d4a0b8aeca05b2c4aab24db6e203.jpg</path>
	<source>
		<database>roboflow.com</database>
	</source>
	<size>
		<width>320</width>
		<height>320</height>
		<depth>3</depth>
	</size>
	<segmented>0</segmented>
	<object>
		<name>license</name>
		<pose>Unspecified</pose>
		<truncated>0</truncated>
		<difficult>0</difficult>
		<occluded>0</occluded>
		<bndbox>
			<xmin>97</xmin>
			<xmax>207</xmax>
			<ymin>133</ymin>
			<ymax>187</ymax>
		</bndbox>
		<polygon>
			<x1>202.8125</x1>
			<y1>137.550109</y1>
			<x2>142.1875</x2>
			<y2>135.049198</y2>
			<x3>109.6875</x3>
			<y3>131.71465</y3>
			<x4>100.3125</x4>
			<y4>131.71465</y4>
			<x5>98.125</x5>
			<y5>135.466017</y5>
			<x6>96.25</x6>
			<y6>174.646957</y6>
			<x7>99.0625</x7>
			<y7>180.065598</y7>
			<x8>201.875</x8>
			<y8>186.317875</y8>
			<x9>203.75</x9>
			<y9>183.816964</y9>
			<x10>205.625</x10>
			<y10>146.303298</y10>
			<x11>205.625</x11>
			<y11>142.135113</y11>
			<x12>202.8125</x12>
			<y12>137.550109</y12>
		</polygon>
	</object>
</annotation>
