<annotation>
	<folder></folder>
	<filename>102_jpg.rf.c1615ee5a2ce7f9c4681b10b97c9e073.jpg</filename>
	<path>102_jpg.rf.c1615ee5a2ce7f9c4681b10b97c9e073.jpg</path>
	<source>
		<database>roboflow.com</database>
	</source>
	<size>
		<width>320</width>
		<height>320</height>
		<depth>3</depth>
	</size>
	<segmented>0</segmented>
	<object>
		<name>license</name>
		<pose>Unspecified</pose>
		<truncated>0</truncated>
		<difficult>0</difficult>
		<occluded>0</occluded>
		<bndbox>
			<xmin>97</xmin>
			<xmax>207</xmax>
			<ymin>133</ymin>
			<ymax>187</ymax>
		</bndbox>
		<polygon>
			<x1>99.0625</x1>
			<y1>180.065598</y1>
			<x2>201.875</x2>
			<y2>186.317875</y2>
			<x3>203.75</x3>
			<y3>183.816964</y3>
			<x4>205.625</x4>
			<y4>146.303298</y4>
			<x5>205.625</x5>
			<y5>142.135113</y5>
			<x6>202.8125</x6>
			<y6>137.550109</y6>
			<x7>142.1875</x7>
			<y7>135.049198</y7>
			<x8>109.6875</x8>
			<y8>131.71465</y8>
			<x9>100.3125</x9>
			<y9>131.71465</y9>
			<x10>98.125</x10>
			<y10>135.466017</y10>
			<x11>96.25</x11>
			<y11>174.646957</y11>
			<x12>99.0625</x12>
			<y12>180.065598</y12>
		</polygon>
	</object>
</annotation>
