<annotation>
	<folder></folder>
	<filename>103_jpg.rf.e65d5c643c471180713c9a2c21a56993.jpg</filename>
	<path>103_jpg.rf.e65d5c643c471180713c9a2c21a56993.jpg</path>
	<source>
		<database>roboflow.com</database>
	</source>
	<size>
		<width>320</width>
		<height>320</height>
		<depth>3</depth>
	</size>
	<segmented>0</segmented>
	<object>
		<name>license</name>
		<pose>Unspecified</pose>
		<truncated>0</truncated>
		<difficult>0</difficult>
		<occluded>0</occluded>
		<bndbox>
			<xmin>122</xmin>
			<xmax>196</xmax>
			<ymin>164</ymin>
			<ymax>202</ymax>
		</bndbox>
		<polygon>
			<x1>194.375</x1>
			<y1>194.654246</y1>
			<x2>195</x2>
			<y2>179.648779</y2>
			<x3>195</x3>
			<y3>169.645135</y3>
			<x4>193.4375</x4>
			<y4>167.561042</y4>
			<x5>124.6875</x5>
			<y5>163.392857</y5>
			<x6>121.875</x6>
			<y6>166.310587</y6>
			<x7>121.25</x7>
			<y7>194.654246</y7>
			<x8>122.8125</x8>
			<y8>197.571975</y8>
			<x9>192.5</x9>
			<y9>201.323342</y9>
			<x10>194.375</x10>
			<y10>194.654246</y10>
		</polygon>
	</object>
</annotation>
