<annotation>
	<folder></folder>
	<filename>103_jpg.rf.1801156796e180b7594979e8ecdd5d8e.jpg</filename>
	<path>103_jpg.rf.1801156796e180b7594979e8ecdd5d8e.jpg</path>
	<source>
		<database>roboflow.com</database>
	</source>
	<size>
		<width>320</width>
		<height>320</height>
		<depth>3</depth>
	</size>
	<segmented>0</segmented>
	<object>
		<name>license</name>
		<pose>Unspecified</pose>
		<truncated>0</truncated>
		<difficult>0</difficult>
		<occluded>0</occluded>
		<bndbox>
			<xmin>122</xmin>
			<xmax>196</xmax>
			<ymin>164</ymin>
			<ymax>202</ymax>
		</bndbox>
		<polygon>
			<x1>193.4375</x1>
			<y1>167.561042</y1>
			<x2>124.6875</x2>
			<y2>163.392857</y2>
			<x3>121.875</x3>
			<y3>166.310587</y3>
			<x4>121.25</x4>
			<y4>194.654246</y4>
			<x5>122.8125</x5>
			<y5>197.571975</y5>
			<x6>192.5</x6>
			<y6>201.323342</y6>
			<x7>194.375</x7>
			<y7>194.654246</y7>
			<x8>195</x8>
			<y8>179.648779</y8>
			<x9>195</x9>
			<y9>169.645135</y9>
			<x10>193.4375</x10>
			<y10>167.561042</y10>
		</polygon>
	</object>
</annotation>
