<annotation>
	<folder></folder>
	<filename>104_jpg.rf.fb4c9c5a7e0d1115e2c013026e109436.jpg</filename>
	<path>104_jpg.rf.fb4c9c5a7e0d1115e2c013026e109436.jpg</path>
	<source>
		<database>roboflow.com</database>
	</source>
	<size>
		<width>320</width>
		<height>320</height>
		<depth>3</depth>
	</size>
	<segmented>0</segmented>
	<object>
		<name>license</name>
		<pose>Unspecified</pose>
		<truncated>0</truncated>
		<difficult>0</difficult>
		<occluded>0</occluded>
		<bndbox>
			<xmin>136</xmin>
			<xmax>190</xmax>
			<ymin>172</ymin>
			<ymax>194</ymax>
		</bndbox>
		<polygon>
			<x1>189.375</x1>
			<y1>188.818786</y1>
			<x2>187.8125</x2>
			<y2>174.230138</y2>
			<x3>148.4375</x3>
			<y3>170.89559</y3>
			<x4>135.9375</x4>
			<y4>170.89559</y4>
			<x5>135</x5>
			<y5>173.81332</y5>
			<x6>135.9375</x6>
			<y6>190.069242</y6>
			<x7>186.875</x7>
			<y7>192.986971</y7>
			<x8>188.75</x8>
			<y8>192.153335</y8>
			<x9>189.375</x9>
			<y9>188.818786</y9>
		</polygon>
	</object>
</annotation>
