<annotation>
	<folder></folder>
	<filename>104_jpg.rf.da1a4f12d6af47df80a83f058914d294.jpg</filename>
	<path>104_jpg.rf.da1a4f12d6af47df80a83f058914d294.jpg</path>
	<source>
		<database>roboflow.com</database>
	</source>
	<size>
		<width>320</width>
		<height>320</height>
		<depth>3</depth>
	</size>
	<segmented>0</segmented>
	<object>
		<name>license</name>
		<pose>Unspecified</pose>
		<truncated>0</truncated>
		<difficult>0</difficult>
		<occluded>0</occluded>
		<bndbox>
			<xmin>136</xmin>
			<xmax>190</xmax>
			<ymin>172</ymin>
			<ymax>194</ymax>
		</bndbox>
		<polygon>
			<x1>148.4375</x1>
			<y1>170.89559</y1>
			<x2>135.9375</x2>
			<y2>170.89559</y2>
			<x3>135</x3>
			<y3>173.81332</y3>
			<x4>135.9375</x4>
			<y4>190.069242</y4>
			<x5>186.875</x5>
			<y5>192.986971</y5>
			<x6>188.75</x6>
			<y6>192.153335</y6>
			<x7>189.375</x7>
			<y7>188.818786</y7>
			<x8>187.8125</x8>
			<y8>174.230138</y8>
			<x9>148.4375</x9>
			<y9>170.89559</y9>
		</polygon>
	</object>
</annotation>
