<annotation>
	<folder></folder>
	<filename>106_jpg.rf.b3d35bc41a6712adbc2274514ddf963b.jpg</filename>
	<path>106_jpg.rf.b3d35bc41a6712adbc2274514ddf963b.jpg</path>
	<source>
		<database>roboflow.com</database>
	</source>
	<size>
		<width>320</width>
		<height>320</height>
		<depth>3</depth>
	</size>
	<segmented>0</segmented>
	<object>
		<name>license</name>
		<pose>Unspecified</pose>
		<truncated>0</truncated>
		<difficult>0</difficult>
		<occluded>0</occluded>
		<bndbox>
			<xmin>99</xmin>
			<xmax>194</xmax>
			<ymin>118</ymin>
			<ymax>174</ymax>
		</bndbox>
		<polygon>
			<x1>190</x1>
			<y1>117.126002</y1>
			<x2>173.4375</x2>
			<y2>116.709183</y2>
			<x3>113.4375</x3>
			<y3>120.877369</y3>
			<x4>103.4375</x4>
			<y4>120.043732</y4>
			<x5>98.4375</x5>
			<y5>121.711006</y5>
			<x6>97.5</x6>
			<y6>145.469661</y6>
			<x7>98.75</x7>
			<y7>171.312409</y7>
			<x8>100.3125</x8>
			<y8>173.396501</y8>
			<x9>120.625</x9>
			<y9>172.979683</y9>
			<x10>186.5625</x10>
			<y10>170.061953</y10>
			<x11>190.9375</x11>
			<y11>168.394679</y11>
			<x12>192.5</x12>
			<y12>164.643313</y12>
			<x13>190</x13>
			<y13>117.126002</y13>
		</polygon>
	</object>
</annotation>
