<annotation>
	<folder></folder>
	<filename>106_jpg.rf.ffe262e6d5f48f72f14e9fa365797bf7.jpg</filename>
	<path>106_jpg.rf.ffe262e6d5f48f72f14e9fa365797bf7.jpg</path>
	<source>
		<database>roboflow.com</database>
	</source>
	<size>
		<width>320</width>
		<height>320</height>
		<depth>3</depth>
	</size>
	<segmented>0</segmented>
	<object>
		<name>license</name>
		<pose>Unspecified</pose>
		<truncated>0</truncated>
		<difficult>0</difficult>
		<occluded>0</occluded>
		<bndbox>
			<xmin>99</xmin>
			<xmax>194</xmax>
			<ymin>118</ymin>
			<ymax>174</ymax>
		</bndbox>
		<polygon>
			<x1>98.75</x1>
			<y1>171.312409</y1>
			<x2>100.3125</x2>
			<y2>173.396501</y2>
			<x3>120.625</x3>
			<y3>172.979683</y3>
			<x4>186.5625</x4>
			<y4>170.061953</y4>
			<x5>190.9375</x5>
			<y5>168.394679</y5>
			<x6>192.5</x6>
			<y6>164.643313</y6>
			<x7>190</x7>
			<y7>117.126002</y7>
			<x8>173.4375</x8>
			<y8>116.709183</y8>
			<x9>113.4375</x9>
			<y9>120.877369</y9>
			<x10>103.4375</x10>
			<y10>120.043732</y10>
			<x11>98.4375</x11>
			<y11>121.711006</y11>
			<x12>97.5</x12>
			<y12>145.469661</y12>
			<x13>98.75</x13>
			<y13>171.312409</y13>
		</polygon>
	</object>
</annotation>
