<annotation>
	<folder></folder>
	<filename>108_jpg.rf.8f28bec37fdb86b1cf71084189ff3d78.jpg</filename>
	<path>108_jpg.rf.8f28bec37fdb86b1cf71084189ff3d78.jpg</path>
	<source>
		<database>roboflow.com</database>
	</source>
	<size>
		<width>320</width>
		<height>320</height>
		<depth>3</depth>
	</size>
	<segmented>0</segmented>
	<object>
		<name>license</name>
		<pose>Unspecified</pose>
		<truncated>0</truncated>
		<difficult>0</difficult>
		<occluded>0</occluded>
		<bndbox>
			<xmin>131</xmin>
			<xmax>190</xmax>
			<ymin>144</ymin>
			<ymax>175</ymax>
		</bndbox>
		<polygon>
			<x1>187.8125</x1>
			<y1>143.228863</y1>
			<x2>176.5625</x2>
			<y2>143.228863</y2>
			<x3>132.1875</x3>
			<y3>145.727041</y3>
			<x4>130</x4>
			<y4>148.641582</y4>
			<x5>130.625</x5>
			<y5>171.957908</y5>
			<x6>132.1875</x6>
			<y6>174.039723</y6>
			<x7>139.375</x7>
			<y7>173.62336</y7>
			<x8>187.8125</x8>
			<y8>170.708819</y8>
			<x9>189.375</x9>
			<y9>168.627005</y9>
			<x10>188.75</x10>
			<y10>145.310678</y10>
			<x11>187.8125</x11>
			<y11>143.228863</y11>
		</polygon>
	</object>
</annotation>
