<annotation>
	<folder></folder>
	<filename>108_jpg.rf.9782c105d69a8c6840ba30b0e3ba1ab9.jpg</filename>
	<path>108_jpg.rf.9782c105d69a8c6840ba30b0e3ba1ab9.jpg</path>
	<source>
		<database>roboflow.com</database>
	</source>
	<size>
		<width>320</width>
		<height>320</height>
		<depth>3</depth>
	</size>
	<segmented>0</segmented>
	<object>
		<name>license</name>
		<pose>Unspecified</pose>
		<truncated>0</truncated>
		<difficult>0</difficult>
		<occluded>0</occluded>
		<bndbox>
			<xmin>131</xmin>
			<xmax>190</xmax>
			<ymin>144</ymin>
			<ymax>175</ymax>
		</bndbox>
		<polygon>
			<x1>139.375</x1>
			<y1>173.62336</y1>
			<x2>187.8125</x2>
			<y2>170.708819</y2>
			<x3>189.375</x3>
			<y3>168.627005</y3>
			<x4>188.75</x4>
			<y4>145.310678</y4>
			<x5>187.8125</x5>
			<y5>143.228863</y5>
			<x6>176.5625</x6>
			<y6>143.228863</y6>
			<x7>132.1875</x7>
			<y7>145.727041</y7>
			<x8>130</x8>
			<y8>148.641582</y8>
			<x9>130.625</x9>
			<y9>171.957908</y9>
			<x10>132.1875</x10>
			<y10>174.039723</y10>
			<x11>139.375</x11>
			<y11>173.62336</y11>
		</polygon>
	</object>
</annotation>
