<annotation>
	<folder></folder>
	<filename>10_jpg.rf.bce10a2726a972552b47e0e2d411335f.jpg</filename>
	<path>10_jpg.rf.bce10a2726a972552b47e0e2d411335f.jpg</path>
	<source>
		<database>roboflow.com</database>
	</source>
	<size>
		<width>320</width>
		<height>320</height>
		<depth>3</depth>
	</size>
	<segmented>0</segmented>
	<object>
		<name>license</name>
		<pose>Unspecified</pose>
		<truncated>0</truncated>
		<difficult>0</difficult>
		<occluded>0</occluded>
		<bndbox>
			<xmin>104</xmin>
			<xmax>219</xmax>
			<ymin>147</ymin>
			<ymax>204</ymax>
		</bndbox>
		<polygon>
			<x1>214.6875</x1>
			<y1>148.225218</y1>
			<x2>200.9375</x2>
			<y2>149.057945</y2>
			<x3>187.8125</x3>
			<y3>146.559767</y3>
			<x4>131.5625</x4>
			<y4>145.727041</y4>
			<x5>105.9375</x5>
			<y5>146.559767</y5>
			<x6>103.75</x6>
			<y6>148.641582</y6>
			<x7>103.125</x7>
			<y7>193.608783</y7>
			<x8>104.6875</x8>
			<y8>199.854227</y8>
			<x9>150.9375</x9>
			<y9>199.854227</y9>
			<x10>214.375</x10>
			<y10>202.768768</y10>
			<x11>217.5</x11>
			<y11>198.605139</y11>
			<x12>218.125</x12>
			<y12>166.128827</y12>
			<x13>217.5</x13>
			<y13>151.139759</y13>
			<x14>214.6875</x14>
			<y14>148.225218</y14>
		</polygon>
	</object>
</annotation>
