<annotation>
	<folder></folder>
	<filename>10_jpg.rf.bd62d984cec1fc03624401b47e0476e6.jpg</filename>
	<path>10_jpg.rf.bd62d984cec1fc03624401b47e0476e6.jpg</path>
	<source>
		<database>roboflow.com</database>
	</source>
	<size>
		<width>320</width>
		<height>320</height>
		<depth>3</depth>
	</size>
	<segmented>0</segmented>
	<object>
		<name>license</name>
		<pose>Unspecified</pose>
		<truncated>0</truncated>
		<difficult>0</difficult>
		<occluded>0</occluded>
		<bndbox>
			<xmin>104</xmin>
			<xmax>219</xmax>
			<ymin>147</ymin>
			<ymax>204</ymax>
		</bndbox>
		<polygon>
			<x1>103.125</x1>
			<y1>193.608783</y1>
			<x2>104.6875</x2>
			<y2>199.854227</y2>
			<x3>150.9375</x3>
			<y3>199.854227</y3>
			<x4>214.375</x4>
			<y4>202.768768</y4>
			<x5>217.5</x5>
			<y5>198.605139</y5>
			<x6>218.125</x6>
			<y6>166.128827</y6>
			<x7>217.5</x7>
			<y7>151.139759</y7>
			<x8>214.6875</x8>
			<y8>148.225218</y8>
			<x9>200.9375</x9>
			<y9>149.057945</y9>
			<x10>187.8125</x10>
			<y10>146.559767</y10>
			<x11>131.5625</x11>
			<y11>145.727041</y11>
			<x12>105.9375</x12>
			<y12>146.559767</y12>
			<x13>103.75</x13>
			<y13>148.641582</y13>
			<x14>103.125</x14>
			<y14>193.608783</y14>
		</polygon>
	</object>
</annotation>
