<annotation>
	<folder></folder>
	<filename>10b2f7c786bbc179_jpg.rf.b83b45fe3cc5d7514244c4159d0ce9f1.jpg</filename>
	<path>10b2f7c786bbc179_jpg.rf.b83b45fe3cc5d7514244c4159d0ce9f1.jpg</path>
	<source>
		<database>roboflow.com</database>
	</source>
	<size>
		<width>320</width>
		<height>320</height>
		<depth>3</depth>
	</size>
	<segmented>0</segmented>
	<object>
		<name>license</name>
		<pose>Unspecified</pose>
		<truncated>0</truncated>
		<difficult>0</difficult>
		<occluded>0</occluded>
		<bndbox>
			<xmin>15</xmin>
			<xmax>217</xmax>
			<ymin>175</ymin>
			<ymax>256</ymax>
		</bndbox>
	</object>
</annotation>
