<annotation>
	<folder></folder>
	<filename>111_jpg.rf.84552c0dea3c2775838df6b29dd2c1e3.jpg</filename>
	<path>111_jpg.rf.84552c0dea3c2775838df6b29dd2c1e3.jpg</path>
	<source>
		<database>roboflow.com</database>
	</source>
	<size>
		<width>320</width>
		<height>320</height>
		<depth>3</depth>
	</size>
	<segmented>0</segmented>
	<object>
		<name>license</name>
		<pose>Unspecified</pose>
		<truncated>0</truncated>
		<difficult>0</difficult>
		<occluded>0</occluded>
		<bndbox>
			<xmin>152</xmin>
			<xmax>203</xmax>
			<ymin>140</ymin>
			<ymax>164</ymax>
		</bndbox>
		<polygon>
			<x1>201.25</x1>
			<y1>138.800565</y1>
			<x2>152.1875</x2>
			<y2>140.884657</y2>
			<x3>151.25</x3>
			<y3>142.96875</y3>
			<x4>151.875</x4>
			<y4>162.142401</y4>
			<x5>156.25</x5>
			<y5>162.976039</y5>
			<x6>200.9375</x6>
			<y6>160.058309</y6>
			<x7>201.875</x7>
			<y7>158.807854</y7>
			<x8>201.25</x8>
			<y8>138.800565</y8>
		</polygon>
	</object>
</annotation>
