<annotation>
	<folder></folder>
	<filename>111_jpg.rf.aac04e5a6209b9ee2e1a3cd85885a41e.jpg</filename>
	<path>111_jpg.rf.aac04e5a6209b9ee2e1a3cd85885a41e.jpg</path>
	<source>
		<database>roboflow.com</database>
	</source>
	<size>
		<width>320</width>
		<height>320</height>
		<depth>3</depth>
	</size>
	<segmented>0</segmented>
	<object>
		<name>license</name>
		<pose>Unspecified</pose>
		<truncated>0</truncated>
		<difficult>0</difficult>
		<occluded>0</occluded>
		<bndbox>
			<xmin>152</xmin>
			<xmax>203</xmax>
			<ymin>140</ymin>
			<ymax>164</ymax>
		</bndbox>
		<polygon>
			<x1>152.1875</x1>
			<y1>140.884657</y1>
			<x2>151.25</x2>
			<y2>142.96875</y2>
			<x3>151.875</x3>
			<y3>162.142401</y3>
			<x4>156.25</x4>
			<y4>162.976039</y4>
			<x5>200.9375</x5>
			<y5>160.058309</y5>
			<x6>201.875</x6>
			<y6>158.807854</y6>
			<x7>201.25</x7>
			<y7>138.800565</y7>
			<x8>152.1875</x8>
			<y8>140.884657</y8>
		</polygon>
	</object>
</annotation>
