<annotation>
	<folder></folder>
	<filename>112_jpg.rf.dfc059461d0322f220afbb0208a1df4f.jpg</filename>
	<path>112_jpg.rf.dfc059461d0322f220afbb0208a1df4f.jpg</path>
	<source>
		<database>roboflow.com</database>
	</source>
	<size>
		<width>320</width>
		<height>320</height>
		<depth>3</depth>
	</size>
	<segmented>0</segmented>
	<object>
		<name>license</name>
		<pose>Unspecified</pose>
		<truncated>0</truncated>
		<difficult>0</difficult>
		<occluded>0</occluded>
		<bndbox>
			<xmin>157</xmin>
			<xmax>219</xmax>
			<ymin>134</ymin>
			<ymax>166</ymax>
		</bndbox>
		<polygon>
			<x1>206.5625</x1>
			<y1>133.381924</y1>
			<x2>157.1875</x2>
			<y2>137.550109</y2>
			<x3>156.25</x3>
			<y3>138.800565</y3>
			<x4>156.25</x4>
			<y4>164.643313</y4>
			<x5>169.375</x5>
			<y5>164.643313</y5>
			<x6>215.9375</x6>
			<y6>161.725583</y6>
			<x7>218.125</x7>
			<y7>159.64149</y7>
			<x8>218.125</x8>
			<y8>134.63238</y8>
			<x9>206.5625</x9>
			<y9>133.381924</y9>
		</polygon>
	</object>
</annotation>
