<annotation>
	<folder></folder>
	<filename>112_jpg.rf.522e0cc7d8599d231843e4097153c0f2.jpg</filename>
	<path>112_jpg.rf.522e0cc7d8599d231843e4097153c0f2.jpg</path>
	<source>
		<database>roboflow.com</database>
	</source>
	<size>
		<width>320</width>
		<height>320</height>
		<depth>3</depth>
	</size>
	<segmented>0</segmented>
	<object>
		<name>license</name>
		<pose>Unspecified</pose>
		<truncated>0</truncated>
		<difficult>0</difficult>
		<occluded>0</occluded>
		<bndbox>
			<xmin>157</xmin>
			<xmax>219</xmax>
			<ymin>134</ymin>
			<ymax>166</ymax>
		</bndbox>
		<polygon>
			<x1>218.125</x1>
			<y1>159.64149</y1>
			<x2>218.125</x2>
			<y2>134.63238</y2>
			<x3>206.5625</x3>
			<y3>133.381924</y3>
			<x4>157.1875</x4>
			<y4>137.550109</y4>
			<x5>156.25</x5>
			<y5>138.800565</y5>
			<x6>156.25</x6>
			<y6>164.643313</y6>
			<x7>169.375</x7>
			<y7>164.643313</y7>
			<x8>215.9375</x8>
			<y8>161.725583</y8>
			<x9>218.125</x9>
			<y9>159.64149</y9>
		</polygon>
	</object>
</annotation>
