<annotation>
	<folder></folder>
	<filename>113_jpg.rf.0c21c9ece418df1e045fac40fb3ceb6f.jpg</filename>
	<path>113_jpg.rf.0c21c9ece418df1e045fac40fb3ceb6f.jpg</path>
	<source>
		<database>roboflow.com</database>
	</source>
	<size>
		<width>320</width>
		<height>320</height>
		<depth>3</depth>
	</size>
	<segmented>0</segmented>
	<object>
		<name>license</name>
		<pose>Unspecified</pose>
		<truncated>0</truncated>
		<difficult>0</difficult>
		<occluded>0</occluded>
		<bndbox>
			<xmin>119</xmin>
			<xmax>204</xmax>
			<ymin>140</ymin>
			<ymax>179</ymax>
		</bndbox>
		<polygon>
			<x1>185.3125</x1>
			<y1>139.217384</y1>
			<x2>134.6875</x2>
			<y2>140.05102</y2>
			<x3>120.9375</x3>
			<y3>140.884657</y3>
			<x4>118.75</x4>
			<y4>143.802387</y4>
			<x5>118.125</x5>
			<y5>176.314231</y5>
			<x6>119.6875</x6>
			<y6>178.398323</y6>
			<x7>201.875</x7>
			<y7>177.981505</y7>
			<x8>203.125</x8>
			<y8>175.480594</y8>
			<x9>203.125</x9>
			<y9>142.96875</y9>
			<x10>202.1875</x10>
			<y10>140.884657</y10>
			<x11>185.3125</x11>
			<y11>139.217384</y11>
		</polygon>
	</object>
</annotation>
