<annotation>
	<folder></folder>
	<filename>113_jpg.rf.007cdc979be3bffffb909065a3dcaf96.jpg</filename>
	<path>113_jpg.rf.007cdc979be3bffffb909065a3dcaf96.jpg</path>
	<source>
		<database>roboflow.com</database>
	</source>
	<size>
		<width>320</width>
		<height>320</height>
		<depth>3</depth>
	</size>
	<segmented>0</segmented>
	<object>
		<name>license</name>
		<pose>Unspecified</pose>
		<truncated>0</truncated>
		<difficult>0</difficult>
		<occluded>0</occluded>
		<bndbox>
			<xmin>119</xmin>
			<xmax>204</xmax>
			<ymin>140</ymin>
			<ymax>179</ymax>
		</bndbox>
		<polygon>
			<x1>201.875</x1>
			<y1>177.981505</y1>
			<x2>203.125</x2>
			<y2>175.480594</y2>
			<x3>203.125</x3>
			<y3>142.96875</y3>
			<x4>202.1875</x4>
			<y4>140.884657</y4>
			<x5>185.3125</x5>
			<y5>139.217384</y5>
			<x6>134.6875</x6>
			<y6>140.05102</y6>
			<x7>120.9375</x7>
			<y7>140.884657</y7>
			<x8>118.75</x8>
			<y8>143.802387</y8>
			<x9>118.125</x9>
			<y9>176.314231</y9>
			<x10>119.6875</x10>
			<y10>178.398323</y10>
			<x11>201.875</x11>
			<y11>177.981505</y11>
		</polygon>
	</object>
</annotation>
