<annotation>
	<folder></folder>
	<filename>114_jpg.rf.c221d662ba2b26e45dfad94f6a18be70.jpg</filename>
	<path>114_jpg.rf.c221d662ba2b26e45dfad94f6a18be70.jpg</path>
	<source>
		<database>roboflow.com</database>
	</source>
	<size>
		<width>320</width>
		<height>320</height>
		<depth>3</depth>
	</size>
	<segmented>0</segmented>
	<object>
		<name>license</name>
		<pose>Unspecified</pose>
		<truncated>0</truncated>
		<difficult>0</difficult>
		<occluded>0</occluded>
		<bndbox>
			<xmin>84</xmin>
			<xmax>174</xmax>
			<ymin>204</ymin>
			<ymax>246</ymax>
		</bndbox>
		<polygon>
			<x1>170.3125</x1>
			<y1>205.074708</y1>
			<x2>85.3125</x2>
			<y2>203.407435</y2>
			<x3>83.125</x3>
			<y3>207.992438</y3>
			<x4>83.125</x4>
			<y4>240.504282</y4>
			<x5>84.6875</x5>
			<y5>243.422012</y5>
			<x6>170</x6>
			<y6>244.672467</y6>
			<x7>171.875</x7>
			<y7>240.504282</y7>
			<x8>172.5</x8>
			<y8>217.996083</y8>
			<x9>172.5</x9>
			<y9>207.992438</y9>
			<x10>170.3125</x10>
			<y10>205.074708</y10>
		</polygon>
	</object>
</annotation>
