<annotation>
	<folder></folder>
	<filename>114_jpg.rf.bd32f5f1e266c37a3e09ab0f57bc6115.jpg</filename>
	<path>114_jpg.rf.bd32f5f1e266c37a3e09ab0f57bc6115.jpg</path>
	<source>
		<database>roboflow.com</database>
	</source>
	<size>
		<width>320</width>
		<height>320</height>
		<depth>3</depth>
	</size>
	<segmented>0</segmented>
	<object>
		<name>license</name>
		<pose>Unspecified</pose>
		<truncated>0</truncated>
		<difficult>0</difficult>
		<occluded>0</occluded>
		<bndbox>
			<xmin>84</xmin>
			<xmax>174</xmax>
			<ymin>204</ymin>
			<ymax>246</ymax>
		</bndbox>
		<polygon>
			<x1>171.875</x1>
			<y1>240.504282</y1>
			<x2>172.5</x2>
			<y2>217.996083</y2>
			<x3>172.5</x3>
			<y3>207.992438</y3>
			<x4>170.3125</x4>
			<y4>205.074708</y4>
			<x5>85.3125</x5>
			<y5>203.407435</y5>
			<x6>83.125</x6>
			<y6>207.992438</y6>
			<x7>83.125</x7>
			<y7>240.504282</y7>
			<x8>84.6875</x8>
			<y8>243.422012</y8>
			<x9>170</x9>
			<y9>244.672467</y9>
			<x10>171.875</x10>
			<y10>240.504282</y10>
		</polygon>
	</object>
</annotation>
