<annotation>
	<folder></folder>
	<filename>115_jpg.rf.e920c81a3cd36f4ef1ff87d4574076c4.jpg</filename>
	<path>115_jpg.rf.e920c81a3cd36f4ef1ff87d4574076c4.jpg</path>
	<source>
		<database>roboflow.com</database>
	</source>
	<size>
		<width>320</width>
		<height>320</height>
		<depth>3</depth>
	</size>
	<segmented>0</segmented>
	<object>
		<name>license</name>
		<pose>Unspecified</pose>
		<truncated>0</truncated>
		<difficult>0</difficult>
		<occluded>0</occluded>
		<bndbox>
			<xmin>111</xmin>
			<xmax>157</xmax>
			<ymin>137</ymin>
			<ymax>159</ymax>
		</bndbox>
		<polygon>
			<x1>111.5625</x1>
			<y1>135.882835</y1>
			<x2>110</x2>
			<y2>137.133291</y2>
			<x3>110</x3>
			<y3>156.306943</y3>
			<x4>110.9375</x4>
			<y4>157.557398</y4>
			<x5>154.375</x5>
			<y5>157.140579</y5>
			<x6>155.625</x6>
			<y6>155.473305</y6>
			<x7>155.625</x7>
			<y7>137.133291</y7>
			<x8>154.6875</x8>
			<y8>135.882835</y8>
			<x9>111.5625</x9>
			<y9>135.882835</y9>
		</polygon>
	</object>
</annotation>
