<annotation>
	<folder></folder>
	<filename>115_jpg.rf.17934910ccb5124be8bea1c04601e66b.jpg</filename>
	<path>115_jpg.rf.17934910ccb5124be8bea1c04601e66b.jpg</path>
	<source>
		<database>roboflow.com</database>
	</source>
	<size>
		<width>320</width>
		<height>320</height>
		<depth>3</depth>
	</size>
	<segmented>0</segmented>
	<object>
		<name>license</name>
		<pose>Unspecified</pose>
		<truncated>0</truncated>
		<difficult>0</difficult>
		<occluded>0</occluded>
		<bndbox>
			<xmin>111</xmin>
			<xmax>157</xmax>
			<ymin>137</ymin>
			<ymax>159</ymax>
		</bndbox>
		<polygon>
			<x1>155.625</x1>
			<y1>137.133291</y1>
			<x2>154.6875</x2>
			<y2>135.882835</y2>
			<x3>111.5625</x3>
			<y3>135.882835</y3>
			<x4>110</x4>
			<y4>137.133291</y4>
			<x5>110</x5>
			<y5>156.306943</y5>
			<x6>110.9375</x6>
			<y6>157.557398</y6>
			<x7>154.375</x7>
			<y7>157.140579</y7>
			<x8>155.625</x8>
			<y8>155.473305</y8>
			<x9>155.625</x9>
			<y9>137.133291</y9>
		</polygon>
	</object>
</annotation>
