<annotation>
	<folder></folder>
	<filename>115b0eb593671c78_jpg.rf.6407331077280bd49b12b59c8ba8fa16.jpg</filename>
	<path>115b0eb593671c78_jpg.rf.6407331077280bd49b12b59c8ba8fa16.jpg</path>
	<source>
		<database>roboflow.com</database>
	</source>
	<size>
		<width>320</width>
		<height>320</height>
		<depth>3</depth>
	</size>
	<segmented>0</segmented>
	<object>
		<name>license</name>
		<pose>Unspecified</pose>
		<truncated>0</truncated>
		<difficult>0</difficult>
		<occluded>0</occluded>
		<bndbox>
			<xmin>41</xmin>
			<xmax>279</xmax>
			<ymin>83</ymin>
			<ymax>268</ymax>
		</bndbox>
	</object>
</annotation>
