<annotation>
	<folder></folder>
	<filename>11631469e9dbc6fc_jpg.rf.2a510162ea3d02cb6198655d1e7b76ba.jpg</filename>
	<path>11631469e9dbc6fc_jpg.rf.2a510162ea3d02cb6198655d1e7b76ba.jpg</path>
	<source>
		<database>roboflow.com</database>
	</source>
	<size>
		<width>320</width>
		<height>320</height>
		<depth>3</depth>
	</size>
	<segmented>0</segmented>
	<object>
		<name>license</name>
		<pose>Unspecified</pose>
		<truncated>0</truncated>
		<difficult>0</difficult>
		<occluded>0</occluded>
		<bndbox>
			<xmin>34</xmin>
			<xmax>298</xmax>
			<ymin>101</ymin>
			<ymax>279</ymax>
		</bndbox>
	</object>
</annotation>
