<annotation>
	<folder></folder>
	<filename>11bc1c35f9cfb03e_jpg.rf.48084229e1235c6a946eb961baa5a50b.jpg</filename>
	<path>11bc1c35f9cfb03e_jpg.rf.48084229e1235c6a946eb961baa5a50b.jpg</path>
	<source>
		<database>roboflow.com</database>
	</source>
	<size>
		<width>320</width>
		<height>320</height>
		<depth>3</depth>
	</size>
	<segmented>0</segmented>
	<object>
		<name>license</name>
		<pose>Unspecified</pose>
		<truncated>0</truncated>
		<difficult>0</difficult>
		<occluded>0</occluded>
		<bndbox>
			<xmin>62</xmin>
			<xmax>256</xmax>
			<ymin>178</ymin>
			<ymax>319</ymax>
		</bndbox>
	</object>
</annotation>
