<annotation>
	<folder></folder>
	<filename>11e2baf8c788fa97_jpg.rf.d523fa233e9a40a4bf63ba80f60b754e.jpg</filename>
	<path>11e2baf8c788fa97_jpg.rf.d523fa233e9a40a4bf63ba80f60b754e.jpg</path>
	<source>
		<database>roboflow.com</database>
	</source>
	<size>
		<width>320</width>
		<height>320</height>
		<depth>3</depth>
	</size>
	<segmented>0</segmented>
	<object>
		<name>license</name>
		<pose>Unspecified</pose>
		<truncated>0</truncated>
		<difficult>0</difficult>
		<occluded>0</occluded>
		<bndbox>
			<xmin>79</xmin>
			<xmax>170</xmax>
			<ymin>193</ymin>
			<ymax>252</ymax>
		</bndbox>
	</object>
</annotation>
