<annotation>
	<folder></folder>
	<filename>14_jpg.rf.5d7d198d5255a3b043e94be77c1c4b4c.jpg</filename>
	<path>14_jpg.rf.5d7d198d5255a3b043e94be77c1c4b4c.jpg</path>
	<source>
		<database>roboflow.com</database>
	</source>
	<size>
		<width>320</width>
		<height>320</height>
		<depth>3</depth>
	</size>
	<segmented>0</segmented>
	<object>
		<name>license</name>
		<pose>Unspecified</pose>
		<truncated>0</truncated>
		<difficult>0</difficult>
		<occluded>0</occluded>
		<bndbox>
			<xmin>65</xmin>
			<xmax>251</xmax>
			<ymin>68</ymin>
			<ymax>249</ymax>
		</bndbox>
		<polygon>
			<x1>87.8125</x1>
			<y1>208.409257</y1>
			<x2>240.3125</x2>
			<y2>248.423834</y2>
			<x3>245</x3>
			<y3>247.173378</y3>
			<x4>248.125</x4>
			<y4>208.826075</y4>
			<x5>250</x5>
			<y5>126.296009</y5>
			<x6>250</x6>
			<y6>108.789632</y6>
			<x7>247.1875</x7>
			<y7>104.204628</y7>
			<x8>71.5625</x8>
			<y8>66.690962</y8>
			<x9>67.8125</x9>
			<y9>66.690962</y9>
			<x10>65</x10>
			<y10>69.608692</y10>
			<x11>64.375</x11>
			<y11>117.126002</y11>
			<x12>66.25</x12>
			<y12>192.986971</y12>
			<x13>68.4375</x13>
			<y13>200.906523</y13>
			<x14>87.8125</x14>
			<y14>208.409257</y14>
		</polygon>
	</object>
</annotation>
