<annotation>
	<folder></folder>
	<filename>14_jpg.rf.d3d604303f032c27348dcbfd11f221e7.jpg</filename>
	<path>14_jpg.rf.d3d604303f032c27348dcbfd11f221e7.jpg</path>
	<source>
		<database>roboflow.com</database>
	</source>
	<size>
		<width>320</width>
		<height>320</height>
		<depth>3</depth>
	</size>
	<segmented>0</segmented>
	<object>
		<name>license</name>
		<pose>Unspecified</pose>
		<truncated>0</truncated>
		<difficult>0</difficult>
		<occluded>0</occluded>
		<bndbox>
			<xmin>65</xmin>
			<xmax>251</xmax>
			<ymin>68</ymin>
			<ymax>249</ymax>
		</bndbox>
		<polygon>
			<x1>247.1875</x1>
			<y1>104.204628</y1>
			<x2>71.5625</x2>
			<y2>66.690962</y2>
			<x3>67.8125</x3>
			<y3>66.690962</y3>
			<x4>65</x4>
			<y4>69.608692</y4>
			<x5>64.375</x5>
			<y5>117.126002</y5>
			<x6>66.25</x6>
			<y6>192.986971</y6>
			<x7>68.4375</x7>
			<y7>200.906523</y7>
			<x8>87.8125</x8>
			<y8>208.409257</y8>
			<x9>240.3125</x9>
			<y9>248.423834</y9>
			<x10>245</x10>
			<y10>247.173378</y10>
			<x11>248.125</x11>
			<y11>208.826075</y11>
			<x12>250</x12>
			<y12>126.296009</y12>
			<x13>250</x13>
			<y13>108.789632</y13>
			<x14>247.1875</x14>
			<y14>104.204628</y14>
		</polygon>
	</object>
</annotation>
