<annotation>
	<folder></folder>
	<filename>14e2379c55c773a8_jpg.rf.e1deead67e1cec263e84e680e85c97f6.jpg</filename>
	<path>14e2379c55c773a8_jpg.rf.e1deead67e1cec263e84e680e85c97f6.jpg</path>
	<source>
		<database>roboflow.com</database>
	</source>
	<size>
		<width>320</width>
		<height>320</height>
		<depth>3</depth>
	</size>
	<segmented>0</segmented>
	<object>
		<name>license</name>
		<pose>Unspecified</pose>
		<truncated>0</truncated>
		<difficult>0</difficult>
		<occluded>0</occluded>
		<bndbox>
			<xmin>98</xmin>
			<xmax>183</xmax>
			<ymin>181</ymin>
			<ymax>226</ymax>
		</bndbox>
	</object>
</annotation>
