<annotation>
	<folder></folder>
	<filename>14f32b6c68847b59_jpg.rf.242ae1ca66a4bfeb0f3d96946a712392.jpg</filename>
	<path>14f32b6c68847b59_jpg.rf.242ae1ca66a4bfeb0f3d96946a712392.jpg</path>
	<source>
		<database>roboflow.com</database>
	</source>
	<size>
		<width>320</width>
		<height>320</height>
		<depth>3</depth>
	</size>
	<segmented>0</segmented>
	<object>
		<name>license</name>
		<pose>Unspecified</pose>
		<truncated>0</truncated>
		<difficult>0</difficult>
		<occluded>0</occluded>
		<bndbox>
			<xmin>103</xmin>
			<xmax>219</xmax>
			<ymin>171</ymin>
			<ymax>255</ymax>
		</bndbox>
	</object>
</annotation>
