<annotation>
	<folder></folder>
	<filename>1584c0f013d1bd9d_jpg.rf.0071d5f3ad586c821f4c2d0836fbd179.jpg</filename>
	<path>1584c0f013d1bd9d_jpg.rf.0071d5f3ad586c821f4c2d0836fbd179.jpg</path>
	<source>
		<database>roboflow.com</database>
	</source>
	<size>
		<width>320</width>
		<height>320</height>
		<depth>3</depth>
	</size>
	<segmented>0</segmented>
	<object>
		<name>license</name>
		<pose>Unspecified</pose>
		<truncated>0</truncated>
		<difficult>0</difficult>
		<occluded>0</occluded>
		<bndbox>
			<xmin>12</xmin>
			<xmax>308</xmax>
			<ymin>50</ymin>
			<ymax>266</ymax>
		</bndbox>
	</object>
</annotation>
