<annotation>
	<folder></folder>
	<filename>158ad5d7d1cc0df3_jpg.rf.3c724836f9ec59915fe8163d39d5f3ee.jpg</filename>
	<path>158ad5d7d1cc0df3_jpg.rf.3c724836f9ec59915fe8163d39d5f3ee.jpg</path>
	<source>
		<database>roboflow.com</database>
	</source>
	<size>
		<width>320</width>
		<height>320</height>
		<depth>3</depth>
	</size>
	<segmented>0</segmented>
	<object>
		<name>license</name>
		<pose>Unspecified</pose>
		<truncated>0</truncated>
		<difficult>0</difficult>
		<occluded>0</occluded>
		<bndbox>
			<xmin>1</xmin>
			<xmax>321</xmax>
			<ymin>16</ymin>
			<ymax>274</ymax>
		</bndbox>
	</object>
</annotation>
