<annotation>
	<folder></folder>
	<filename>15dffd73821f75e4_jpg.rf.3ca8a87d47a353dc4f11679dcc57695e.jpg</filename>
	<path>15dffd73821f75e4_jpg.rf.3ca8a87d47a353dc4f11679dcc57695e.jpg</path>
	<source>
		<database>roboflow.com</database>
	</source>
	<size>
		<width>320</width>
		<height>320</height>
		<depth>3</depth>
	</size>
	<segmented>0</segmented>
	<object>
		<name>license</name>
		<pose>Unspecified</pose>
		<truncated>0</truncated>
		<difficult>0</difficult>
		<occluded>0</occluded>
		<bndbox>
			<xmin>16</xmin>
			<xmax>321</xmax>
			<ymin>53</ymin>
			<ymax>266</ymax>
		</bndbox>
	</object>
</annotation>
