<annotation>
	<folder></folder>
	<filename>161e845ab67f290d_jpg.rf.c4eec4c5ec18693db7571906ef289f99.jpg</filename>
	<path>161e845ab67f290d_jpg.rf.c4eec4c5ec18693db7571906ef289f99.jpg</path>
	<source>
		<database>roboflow.com</database>
	</source>
	<size>
		<width>320</width>
		<height>320</height>
		<depth>3</depth>
	</size>
	<segmented>0</segmented>
	<object>
		<name>license</name>
		<pose>Unspecified</pose>
		<truncated>0</truncated>
		<difficult>0</difficult>
		<occluded>0</occluded>
		<bndbox>
			<xmin>123</xmin>
			<xmax>195</xmax>
			<ymin>89</ymin>
			<ymax>140</ymax>
		</bndbox>
	</object>
</annotation>
