<annotation>
	<folder></folder>
	<filename>1626d26351c41a0f_jpg.rf.9491c3d7ec8642e5d30dc13d0e6550cf.jpg</filename>
	<path>1626d26351c41a0f_jpg.rf.9491c3d7ec8642e5d30dc13d0e6550cf.jpg</path>
	<source>
		<database>roboflow.com</database>
	</source>
	<size>
		<width>320</width>
		<height>320</height>
		<depth>3</depth>
	</size>
	<segmented>0</segmented>
	<object>
		<name>license</name>
		<pose>Unspecified</pose>
		<truncated>0</truncated>
		<difficult>0</difficult>
		<occluded>0</occluded>
		<bndbox>
			<xmin>111</xmin>
			<xmax>248</xmax>
			<ymin>202</ymin>
			<ymax>248</ymax>
		</bndbox>
	</object>
</annotation>
