<annotation>
	<folder></folder>
	<filename>16_jpg.rf.9dfae7f083ca3b003ffa123a41b10720.jpg</filename>
	<path>16_jpg.rf.9dfae7f083ca3b003ffa123a41b10720.jpg</path>
	<source>
		<database>roboflow.com</database>
	</source>
	<size>
		<width>320</width>
		<height>320</height>
		<depth>3</depth>
	</size>
	<segmented>0</segmented>
	<object>
		<name>license</name>
		<pose>Unspecified</pose>
		<truncated>0</truncated>
		<difficult>0</difficult>
		<occluded>0</occluded>
		<bndbox>
			<xmin>40</xmin>
			<xmax>237</xmax>
			<ymin>120</ymin>
			<ymax>213</ymax>
		</bndbox>
		<polygon>
			<x1>187.8125</x1>
			<y1>211.512391</y1>
			<x2>228.4375</x2>
			<y2>209.014213</y2>
			<x3>234.6875</x3>
			<y3>206.516035</y3>
			<x4>236.25</x4>
			<y4>202.768768</y4>
			<x5>234.0625</x5>
			<y5>120.745262</y5>
			<x6>85.3125</x6>
			<y6>119.079811</y6>
			<x7>40.3125</x7>
			<y7>120.745262</y7>
			<x8>39.375</x8>
			<y8>147.808856</y8>
			<x9>41.5625</x9>
			<y9>209.846939</y9>
			<x10>56.5625</x10>
			<y10>211.512391</y10>
			<x11>187.8125</x11>
			<y11>211.512391</y11>
		</polygon>
	</object>
</annotation>
