<annotation>
	<folder></folder>
	<filename>16_jpg.rf.38735ba1f6f1c8fb6013d51dfc5d6307.jpg</filename>
	<path>16_jpg.rf.38735ba1f6f1c8fb6013d51dfc5d6307.jpg</path>
	<source>
		<database>roboflow.com</database>
	</source>
	<size>
		<width>320</width>
		<height>320</height>
		<depth>3</depth>
	</size>
	<segmented>0</segmented>
	<object>
		<name>license</name>
		<pose>Unspecified</pose>
		<truncated>0</truncated>
		<difficult>0</difficult>
		<occluded>0</occluded>
		<bndbox>
			<xmin>40</xmin>
			<xmax>237</xmax>
			<ymin>120</ymin>
			<ymax>213</ymax>
		</bndbox>
		<polygon>
			<x1>40.3125</x1>
			<y1>120.745262</y1>
			<x2>39.375</x2>
			<y2>147.808856</y2>
			<x3>41.5625</x3>
			<y3>209.846939</y3>
			<x4>56.5625</x4>
			<y4>211.512391</y4>
			<x5>187.8125</x5>
			<y5>211.512391</y5>
			<x6>228.4375</x6>
			<y6>209.014213</y6>
			<x7>234.6875</x7>
			<y7>206.516035</y7>
			<x8>236.25</x8>
			<y8>202.768768</y8>
			<x9>234.0625</x9>
			<y9>120.745262</y9>
			<x10>85.3125</x10>
			<y10>119.079811</y10>
			<x11>40.3125</x11>
			<y11>120.745262</y11>
		</polygon>
	</object>
</annotation>
