<annotation>
	<folder></folder>
	<filename>16bd0f06920eef36_jpg.rf.c0cd139cc7225d2dbcdaf2929bafb543.jpg</filename>
	<path>16bd0f06920eef36_jpg.rf.c0cd139cc7225d2dbcdaf2929bafb543.jpg</path>
	<source>
		<database>roboflow.com</database>
	</source>
	<size>
		<width>320</width>
		<height>320</height>
		<depth>3</depth>
	</size>
	<segmented>0</segmented>
	<object>
		<name>license</name>
		<pose>Unspecified</pose>
		<truncated>0</truncated>
		<difficult>0</difficult>
		<occluded>0</occluded>
		<bndbox>
			<xmin>95</xmin>
			<xmax>222</xmax>
			<ymin>165</ymin>
			<ymax>219</ymax>
		</bndbox>
	</object>
</annotation>
