<annotation>
	<folder></folder>
	<filename>173b72d194f4928d_jpg.rf.fbb15df17fb05a37beec36c91c069c73.jpg</filename>
	<path>173b72d194f4928d_jpg.rf.fbb15df17fb05a37beec36c91c069c73.jpg</path>
	<source>
		<database>roboflow.com</database>
	</source>
	<size>
		<width>320</width>
		<height>320</height>
		<depth>3</depth>
	</size>
	<segmented>0</segmented>
	<object>
		<name>license</name>
		<pose>Unspecified</pose>
		<truncated>0</truncated>
		<difficult>0</difficult>
		<occluded>0</occluded>
		<bndbox>
			<xmin>117</xmin>
			<xmax>204</xmax>
			<ymin>200</ymin>
			<ymax>248</ymax>
		</bndbox>
	</object>
</annotation>
