<annotation>
	<folder></folder>
	<filename>17_jpg.rf.3365fb337109c3ec192d8b5ca5b68c9b.jpg</filename>
	<path>17_jpg.rf.3365fb337109c3ec192d8b5ca5b68c9b.jpg</path>
	<source>
		<database>roboflow.com</database>
	</source>
	<size>
		<width>320</width>
		<height>320</height>
		<depth>3</depth>
	</size>
	<segmented>0</segmented>
	<object>
		<name>license</name>
		<pose>Unspecified</pose>
		<truncated>0</truncated>
		<difficult>0</difficult>
		<occluded>0</occluded>
		<bndbox>
			<xmin>72</xmin>
			<xmax>219</xmax>
			<ymin>103</ymin>
			<ymax>177</ymax>
		</bndbox>
		<polygon>
			<x1>70.625</x1>
			<y1>174.646957</y1>
			<x2>72.1875</x2>
			<y2>175.897412</y2>
			<x3>217.5</x3>
			<y3>167.977861</y3>
			<x4>216.875</x4>
			<y4>106.288721</y4>
			<x5>216.25</x5>
			<y5>102.954173</y5>
			<x6>214.0625</x6>
			<y6>101.703717</y6>
			<x7>72.1875</x7>
			<y7>106.705539</y7>
			<x8>70.625</x8>
			<y8>108.789632</y8>
			<x9>70.625</x9>
			<y9>174.646957</y9>
		</polygon>
	</object>
</annotation>
