<annotation>
	<folder></folder>
	<filename>17_jpg.rf.a5809297a14d98afcaced57e90444330.jpg</filename>
	<path>17_jpg.rf.a5809297a14d98afcaced57e90444330.jpg</path>
	<source>
		<database>roboflow.com</database>
	</source>
	<size>
		<width>320</width>
		<height>320</height>
		<depth>3</depth>
	</size>
	<segmented>0</segmented>
	<object>
		<name>license</name>
		<pose>Unspecified</pose>
		<truncated>0</truncated>
		<difficult>0</difficult>
		<occluded>0</occluded>
		<bndbox>
			<xmin>72</xmin>
			<xmax>219</xmax>
			<ymin>103</ymin>
			<ymax>177</ymax>
		</bndbox>
		<polygon>
			<x1>217.5</x1>
			<y1>167.977861</y1>
			<x2>216.875</x2>
			<y2>106.288721</y2>
			<x3>216.25</x3>
			<y3>102.954173</y3>
			<x4>214.0625</x4>
			<y4>101.703717</y4>
			<x5>72.1875</x5>
			<y5>106.705539</y5>
			<x6>70.625</x6>
			<y6>108.789632</y6>
			<x7>70.625</x7>
			<y7>174.646957</y7>
			<x8>72.1875</x8>
			<y8>175.897412</y8>
			<x9>217.5</x9>
			<y9>167.977861</y9>
		</polygon>
	</object>
</annotation>
