<annotation>
	<folder></folder>
	<filename>18a6d723e3778ca9_jpg.rf.1a49ce7bae03888f81b4b0c71013aef9.jpg</filename>
	<path>18a6d723e3778ca9_jpg.rf.1a49ce7bae03888f81b4b0c71013aef9.jpg</path>
	<source>
		<database>roboflow.com</database>
	</source>
	<size>
		<width>320</width>
		<height>320</height>
		<depth>3</depth>
	</size>
	<segmented>0</segmented>
	<object>
		<name>license</name>
		<pose>Unspecified</pose>
		<truncated>0</truncated>
		<difficult>0</difficult>
		<occluded>0</occluded>
		<bndbox>
			<xmin>9</xmin>
			<xmax>271</xmax>
			<ymin>95</ymin>
			<ymax>308</ymax>
		</bndbox>
	</object>
</annotation>
