<annotation>
	<folder></folder>
	<filename>19306e847f2dbe79_jpg.rf.3058ce9153df7e39602265c50d0d9d49.jpg</filename>
	<path>19306e847f2dbe79_jpg.rf.3058ce9153df7e39602265c50d0d9d49.jpg</path>
	<source>
		<database>roboflow.com</database>
	</source>
	<size>
		<width>320</width>
		<height>320</height>
		<depth>3</depth>
	</size>
	<segmented>0</segmented>
	<object>
		<name>license</name>
		<pose>Unspecified</pose>
		<truncated>0</truncated>
		<difficult>0</difficult>
		<occluded>0</occluded>
		<bndbox>
			<xmin>18</xmin>
			<xmax>300</xmax>
			<ymin>34</ymin>
			<ymax>304</ymax>
		</bndbox>
	</object>
</annotation>
