<annotation>
	<folder></folder>
	<filename>19_jpg.rf.f32dd98805cf214e316c588fcd2f0149.jpg</filename>
	<path>19_jpg.rf.f32dd98805cf214e316c588fcd2f0149.jpg</path>
	<source>
		<database>roboflow.com</database>
	</source>
	<size>
		<width>320</width>
		<height>320</height>
		<depth>3</depth>
	</size>
	<segmented>0</segmented>
	<object>
		<name>license</name>
		<pose>Unspecified</pose>
		<truncated>0</truncated>
		<difficult>0</difficult>
		<occluded>0</occluded>
		<bndbox>
			<xmin>51</xmin>
			<xmax>254</xmax>
			<ymin>110</ymin>
			<ymax>205</ymax>
		</bndbox>
		<polygon>
			<x1>52.5</x1>
			<y1>112.834004</y1>
			<x2>50.625</x2>
			<y2>124.49213</y2>
			<x3>50</x3>
			<y3>195.273609</y3>
			<x4>51.25</x4>
			<y4>201.102672</y4>
			<x5>54.6875</x5>
			<y5>204.017204</y5>
			<x6>249.0625</x6>
			<y6>204.017204</y6>
			<x7>252.5</x7>
			<y7>197.771779</y7>
			<x8>251.875</x8>
			<y8>115.332174</y8>
			<x9>249.6875</x9>
			<y9>110.752196</y9>
			<x10>246.5625</x10>
			<y10>109.08675</y10>
			<x11>58.4375</x11>
			<y11>109.08675</y11>
			<x12>52.5</x12>
			<y12>112.834004</y12>
		</polygon>
	</object>
</annotation>
