<annotation>
	<folder></folder>
	<filename>19_jpg.rf.ada1c58181096f066195df20c714666d.jpg</filename>
	<path>19_jpg.rf.ada1c58181096f066195df20c714666d.jpg</path>
	<source>
		<database>roboflow.com</database>
	</source>
	<size>
		<width>320</width>
		<height>320</height>
		<depth>3</depth>
	</size>
	<segmented>0</segmented>
	<object>
		<name>license</name>
		<pose>Unspecified</pose>
		<truncated>0</truncated>
		<difficult>0</difficult>
		<occluded>0</occluded>
		<bndbox>
			<xmin>51</xmin>
			<xmax>254</xmax>
			<ymin>110</ymin>
			<ymax>205</ymax>
		</bndbox>
		<polygon>
			<x1>249.0625</x1>
			<y1>204.017204</y1>
			<x2>252.5</x2>
			<y2>197.771779</y2>
			<x3>251.875</x3>
			<y3>115.332174</y3>
			<x4>249.6875</x4>
			<y4>110.752196</y4>
			<x5>246.5625</x5>
			<y5>109.08675</y5>
			<x6>58.4375</x6>
			<y6>109.08675</y6>
			<x7>52.5</x7>
			<y7>112.834004</y7>
			<x8>50.625</x8>
			<y8>124.49213</y8>
			<x9>50</x9>
			<y9>195.273609</y9>
			<x10>51.25</x10>
			<y10>201.102672</y10>
			<x11>54.6875</x11>
			<y11>204.017204</y11>
			<x12>249.0625</x12>
			<y12>204.017204</y12>
		</polygon>
	</object>
</annotation>
