<annotation>
	<folder></folder>
	<filename>19gl841j49na1_jpg.rf.26c870830126164b60d6d12ab41f6b0d.jpg</filename>
	<path>19gl841j49na1_jpg.rf.26c870830126164b60d6d12ab41f6b0d.jpg</path>
	<source>
		<database>roboflow.com</database>
	</source>
	<size>
		<width>320</width>
		<height>320</height>
		<depth>3</depth>
	</size>
	<segmented>0</segmented>
	<object>
		<name>license</name>
		<pose>Unspecified</pose>
		<truncated>0</truncated>
		<difficult>0</difficult>
		<occluded>0</occluded>
		<bndbox>
			<xmin>110</xmin>
			<xmax>169</xmax>
			<ymin>171</ymin>
			<ymax>209</ymax>
		</bndbox>
		<polygon>
			<x1>167.895</x1>
			<y1>169.567213</y1>
			<x2>109.02</x2>
			<y2>169.829508</y2>
			<x3>109.02</x3>
			<y3>207.508197</y3>
			<x4>167.695</x4>
			<y4>206.977049</y4>
			<x5>167.895</x5>
			<y5>169.567213</y5>
		</polygon>
	</object>
</annotation>
