<annotation>
	<folder></folder>
	<filename>19gl841j49na1_jpg.rf.3a705a3c1a1c0c8c73b5062bfe14d803.jpg</filename>
	<path>19gl841j49na1_jpg.rf.3a705a3c1a1c0c8c73b5062bfe14d803.jpg</path>
	<source>
		<database>roboflow.com</database>
	</source>
	<size>
		<width>320</width>
		<height>320</height>
		<depth>3</depth>
	</size>
	<segmented>0</segmented>
	<object>
		<name>license</name>
		<pose>Unspecified</pose>
		<truncated>0</truncated>
		<difficult>0</difficult>
		<occluded>0</occluded>
		<bndbox>
			<xmin>110</xmin>
			<xmax>169</xmax>
			<ymin>171</ymin>
			<ymax>209</ymax>
		</bndbox>
		<polygon>
			<x1>109.02</x1>
			<y1>207.508197</y1>
			<x2>167.695</x2>
			<y2>206.977049</y2>
			<x3>167.895</x3>
			<y3>169.567213</y3>
			<x4>109.02</x4>
			<y4>169.829508</y4>
			<x5>109.02</x5>
			<y5>207.508197</y5>
		</polygon>
	</object>
</annotation>
