<annotation>
	<folder></folder>
	<filename>1_jpg.rf.b3bf4b140034a1278c7e30b97d51584b.jpg</filename>
	<path>1_jpg.rf.b3bf4b140034a1278c7e30b97d51584b.jpg</path>
	<source>
		<database>roboflow.com</database>
	</source>
	<size>
		<width>320</width>
		<height>320</height>
		<depth>3</depth>
	</size>
	<segmented>0</segmented>
	<object>
		<name>license</name>
		<pose>Unspecified</pose>
		<truncated>0</truncated>
		<difficult>0</difficult>
		<occluded>0</occluded>
		<bndbox>
			<xmin>94</xmin>
			<xmax>232</xmax>
			<ymin>114</ymin>
			<ymax>196</ymax>
		</bndbox>
		<polygon>
			<x1>228.4375</x1>
			<y1>113.374636</y1>
			<x2>224.0625</x2>
			<y2>113.374636</y2>
			<x3>99.0625</x3>
			<y3>124.211917</y3>
			<x4>96.25</x4>
			<y4>128.79692</y4>
			<x5>93.125</x5>
			<y5>192.153335</y5>
			<x6>95.9375</x6>
			<y6>195.071064</y6>
			<x7>100.625</x7>
			<y7>194.654246</y7>
			<x8>227.8125</x8>
			<y8>183.400146</y8>
			<x9>230</x9>
			<y9>180.482416</y9>
			<x10>230.625</x10>
			<y10>116.292365</y10>
			<x11>228.4375</x11>
			<y11>113.374636</y11>
		</polygon>
	</object>
</annotation>
