<annotation>
	<folder></folder>
	<filename>1_jpg.rf.7d838d07412858dc27ac025e0adfb44f.jpg</filename>
	<path>1_jpg.rf.7d838d07412858dc27ac025e0adfb44f.jpg</path>
	<source>
		<database>roboflow.com</database>
	</source>
	<size>
		<width>320</width>
		<height>320</height>
		<depth>3</depth>
	</size>
	<segmented>0</segmented>
	<object>
		<name>license</name>
		<pose>Unspecified</pose>
		<truncated>0</truncated>
		<difficult>0</difficult>
		<occluded>0</occluded>
		<bndbox>
			<xmin>94</xmin>
			<xmax>232</xmax>
			<ymin>114</ymin>
			<ymax>196</ymax>
		</bndbox>
		<polygon>
			<x1>100.625</x1>
			<y1>194.654246</y1>
			<x2>227.8125</x2>
			<y2>183.400146</y2>
			<x3>230</x3>
			<y3>180.482416</y3>
			<x4>230.625</x4>
			<y4>116.292365</y4>
			<x5>228.4375</x5>
			<y5>113.374636</y5>
			<x6>224.0625</x6>
			<y6>113.374636</y6>
			<x7>99.0625</x7>
			<y7>124.211917</y7>
			<x8>96.25</x8>
			<y8>128.79692</y8>
			<x9>93.125</x9>
			<y9>192.153335</y9>
			<x10>95.9375</x10>
			<y10>195.071064</y10>
			<x11>100.625</x11>
			<y11>194.654246</y11>
		</polygon>
	</object>
</annotation>
