<annotation>
	<folder></folder>
	<filename>1c94bbcd8746e280_jpg.rf.e1adf14a6029703f7160172ce85ec756.jpg</filename>
	<path>1c94bbcd8746e280_jpg.rf.e1adf14a6029703f7160172ce85ec756.jpg</path>
	<source>
		<database>roboflow.com</database>
	</source>
	<size>
		<width>320</width>
		<height>320</height>
		<depth>3</depth>
	</size>
	<segmented>0</segmented>
	<object>
		<name>license</name>
		<pose>Unspecified</pose>
		<truncated>0</truncated>
		<difficult>0</difficult>
		<occluded>0</occluded>
		<bndbox>
			<xmin>132</xmin>
			<xmax>198</xmax>
			<ymin>254</ymin>
			<ymax>295</ymax>
		</bndbox>
	</object>
	<object>
		<name>license</name>
		<pose>Unspecified</pose>
		<truncated>0</truncated>
		<difficult>0</difficult>
		<occluded>0</occluded>
		<bndbox>
			<xmin>9</xmin>
			<xmax>17</xmax>
			<ymin>59</ymin>
			<ymax>63</ymax>
		</bndbox>
	</object>
</annotation>
