<annotation>
	<folder></folder>
	<filename>1e3b4a4cb4a1da64_jpg.rf.7834ac318aafeb68b23535c9302c8a68.jpg</filename>
	<path>1e3b4a4cb4a1da64_jpg.rf.7834ac318aafeb68b23535c9302c8a68.jpg</path>
	<source>
		<database>roboflow.com</database>
	</source>
	<size>
		<width>320</width>
		<height>320</height>
		<depth>3</depth>
	</size>
	<segmented>0</segmented>
	<object>
		<name>license</name>
		<pose>Unspecified</pose>
		<truncated>0</truncated>
		<difficult>0</difficult>
		<occluded>0</occluded>
		<bndbox>
			<xmin>71</xmin>
			<xmax>258</xmax>
			<ymin>188</ymin>
			<ymax>310</ymax>
		</bndbox>
	</object>
</annotation>
