<annotation>
	<folder></folder>
	<filename>1e92b210b0a0a678_jpg.rf.3eac990a0c9ddd577e5da5ea5bdcba73.jpg</filename>
	<path>1e92b210b0a0a678_jpg.rf.3eac990a0c9ddd577e5da5ea5bdcba73.jpg</path>
	<source>
		<database>roboflow.com</database>
	</source>
	<size>
		<width>320</width>
		<height>320</height>
		<depth>3</depth>
	</size>
	<segmented>0</segmented>
	<object>
		<name>license</name>
		<pose>Unspecified</pose>
		<truncated>0</truncated>
		<difficult>0</difficult>
		<occluded>0</occluded>
		<bndbox>
			<xmin>68</xmin>
			<xmax>248</xmax>
			<ymin>94</ymin>
			<ymax>215</ymax>
		</bndbox>
	</object>
</annotation>
