<annotation>
	<folder></folder>
	<filename>1e935b0107c51ddc_jpg.rf.fcbdd1781d5c910535493bf94fe91818.jpg</filename>
	<path>1e935b0107c51ddc_jpg.rf.fcbdd1781d5c910535493bf94fe91818.jpg</path>
	<source>
		<database>roboflow.com</database>
	</source>
	<size>
		<width>320</width>
		<height>320</height>
		<depth>3</depth>
	</size>
	<segmented>0</segmented>
	<object>
		<name>license</name>
		<pose>Unspecified</pose>
		<truncated>0</truncated>
		<difficult>0</difficult>
		<occluded>0</occluded>
		<bndbox>
			<xmin>32</xmin>
			<xmax>268</xmax>
			<ymin>127</ymin>
			<ymax>292</ymax>
		</bndbox>
	</object>
</annotation>
