<annotation>
	<folder></folder>
	<filename>1f58c90c26753850_jpg.rf.550d7e2540bbdf1f7b64dd60b02a8a83.jpg</filename>
	<path>1f58c90c26753850_jpg.rf.550d7e2540bbdf1f7b64dd60b02a8a83.jpg</path>
	<source>
		<database>roboflow.com</database>
	</source>
	<size>
		<width>320</width>
		<height>320</height>
		<depth>3</depth>
	</size>
	<segmented>0</segmented>
	<object>
		<name>license</name>
		<pose>Unspecified</pose>
		<truncated>0</truncated>
		<difficult>0</difficult>
		<occluded>0</occluded>
		<bndbox>
			<xmin>46</xmin>
			<xmax>260</xmax>
			<ymin>147</ymin>
			<ymax>321</ymax>
		</bndbox>
	</object>
</annotation>
