<annotation>
	<folder></folder>
	<filename>1fc52a63ee58d000_jpg.rf.27000e411dc88c22ec97dbb6e17b9695.jpg</filename>
	<path>1fc52a63ee58d000_jpg.rf.27000e411dc88c22ec97dbb6e17b9695.jpg</path>
	<source>
		<database>roboflow.com</database>
	</source>
	<size>
		<width>320</width>
		<height>320</height>
		<depth>3</depth>
	</size>
	<segmented>0</segmented>
	<object>
		<name>license</name>
		<pose>Unspecified</pose>
		<truncated>0</truncated>
		<difficult>0</difficult>
		<occluded>0</occluded>
		<bndbox>
			<xmin>13</xmin>
			<xmax>294</xmax>
			<ymin>71</ymin>
			<ymax>211</ymax>
		</bndbox>
	</object>
</annotation>
