<annotation>
	<folder></folder>
	<filename>1msfk054tmha1_jpg.rf.94f0e62f72c28c91f5915904048d4865.jpg</filename>
	<path>1msfk054tmha1_jpg.rf.94f0e62f72c28c91f5915904048d4865.jpg</path>
	<source>
		<database>roboflow.com</database>
	</source>
	<size>
		<width>320</width>
		<height>320</height>
		<depth>3</depth>
	</size>
	<segmented>0</segmented>
	<object>
		<name>license</name>
		<pose>Unspecified</pose>
		<truncated>0</truncated>
		<difficult>0</difficult>
		<occluded>0</occluded>
		<bndbox>
			<xmin>124</xmin>
			<xmax>159</xmax>
			<ymin>204</ymin>
			<ymax>223</ymax>
		</bndbox>
		<polygon>
			<x1>123.17</x1>
			<y1>220.749206</y1>
			<x2>157.385</x2>
			<y2>222.08</y2>
			<x3>158.17</x3>
			<y3>204.302222</y3>
			<x4>123.69</x4>
			<y4>202.971429</y4>
			<x5>123.17</x5>
			<y5>220.749206</y5>
		</polygon>
	</object>
</annotation>
