<annotation>
	<folder></folder>
	<filename>1qbox1dtstna1_jpg.rf.5ff17179e7cb40be34d8127155a2f2fa.jpg</filename>
	<path>1qbox1dtstna1_jpg.rf.5ff17179e7cb40be34d8127155a2f2fa.jpg</path>
	<source>
		<database>roboflow.com</database>
	</source>
	<size>
		<width>320</width>
		<height>320</height>
		<depth>3</depth>
	</size>
	<segmented>0</segmented>
	<object>
		<name>license</name>
		<pose>Unspecified</pose>
		<truncated>0</truncated>
		<difficult>0</difficult>
		<occluded>0</occluded>
		<bndbox>
			<xmin>111</xmin>
			<xmax>201</xmax>
			<ymin>143</ymin>
			<ymax>217</ymax>
		</bndbox>
		<polygon>
			<x1>199.625</x1>
			<y1>141.689311</y1>
			<x2>109.91</x2>
			<y2>141.955344</y2>
			<x3>110.955</x3>
			<y3>215.190499</y3>
			<x4>199.275</x4>
			<y4>215.980998</y4>
			<x5>199.625</x5>
			<y5>141.689311</y5>
		</polygon>
	</object>
</annotation>
