<annotation>
	<folder></folder>
	<filename>1qbox1dtstna1_jpg.rf.183b7ccecf02cbfb0a23a4882ca047ba.jpg</filename>
	<path>1qbox1dtstna1_jpg.rf.183b7ccecf02cbfb0a23a4882ca047ba.jpg</path>
	<source>
		<database>roboflow.com</database>
	</source>
	<size>
		<width>320</width>
		<height>320</height>
		<depth>3</depth>
	</size>
	<segmented>0</segmented>
	<object>
		<name>license</name>
		<pose>Unspecified</pose>
		<truncated>0</truncated>
		<difficult>0</difficult>
		<occluded>0</occluded>
		<bndbox>
			<xmin>111</xmin>
			<xmax>201</xmax>
			<ymin>143</ymin>
			<ymax>217</ymax>
		</bndbox>
		<polygon>
			<x1>110.955</x1>
			<y1>215.190499</y1>
			<x2>199.275</x2>
			<y2>215.980998</y2>
			<x3>199.625</x3>
			<y3>141.689311</y3>
			<x4>109.91</x4>
			<y4>141.955344</y4>
			<x5>110.955</x5>
			<y5>215.190499</y5>
		</polygon>
	</object>
</annotation>
