<annotation>
	<folder></folder>
	<filename>1uvkqab6fmha1_jpg.rf.634d2731195781892a970dfe7c2e6841.jpg</filename>
	<path>1uvkqab6fmha1_jpg.rf.634d2731195781892a970dfe7c2e6841.jpg</path>
	<source>
		<database>roboflow.com</database>
	</source>
	<size>
		<width>320</width>
		<height>320</height>
		<depth>3</depth>
	</size>
	<segmented>0</segmented>
	<object>
		<name>license</name>
		<pose>Unspecified</pose>
		<truncated>0</truncated>
		<difficult>0</difficult>
		<occluded>0</occluded>
		<bndbox>
			<xmin>140</xmin>
			<xmax>195</xmax>
			<ymin>148</ymin>
			<ymax>176</ymax>
		</bndbox>
		<polygon>
			<x1>140.365</x1>
			<y1>175.125</y1>
			<x2>193.7</x2>
			<y2>174.595</y2>
			<x3>192.37</x3>
			<y3>147</y3>
			<x4>139.04</x4>
			<y4>147</y4>
			<x5>140.365</x5>
			<y5>175.125</y5>
		</polygon>
	</object>
</annotation>
