<annotation>
	<folder></folder>
	<filename>1uvkqab6fmha1_jpg.rf.5d5b1cda4fbbe5bca92bec8d32dcf1e4.jpg</filename>
	<path>1uvkqab6fmha1_jpg.rf.5d5b1cda4fbbe5bca92bec8d32dcf1e4.jpg</path>
	<source>
		<database>roboflow.com</database>
	</source>
	<size>
		<width>320</width>
		<height>320</height>
		<depth>3</depth>
	</size>
	<segmented>0</segmented>
	<object>
		<name>license</name>
		<pose>Unspecified</pose>
		<truncated>0</truncated>
		<difficult>0</difficult>
		<occluded>0</occluded>
		<bndbox>
			<xmin>140</xmin>
			<xmax>195</xmax>
			<ymin>148</ymin>
			<ymax>176</ymax>
		</bndbox>
		<polygon>
			<x1>192.37</x1>
			<y1>147</y1>
			<x2>139.04</x2>
			<y2>147</y2>
			<x3>140.365</x3>
			<y3>175.125</y3>
			<x4>193.7</x4>
			<y4>174.595</y4>
			<x5>192.37</x5>
			<y5>147</y5>
		</polygon>
	</object>
</annotation>
