<annotation>
	<folder></folder>
	<filename>20_jpg.rf.b4d874a9a8d1e458bdd6cc402bd8c2b8.jpg</filename>
	<path>20_jpg.rf.b4d874a9a8d1e458bdd6cc402bd8c2b8.jpg</path>
	<source>
		<database>roboflow.com</database>
	</source>
	<size>
		<width>320</width>
		<height>320</height>
		<depth>3</depth>
	</size>
	<segmented>0</segmented>
	<object>
		<name>license</name>
		<pose>Unspecified</pose>
		<truncated>0</truncated>
		<difficult>0</difficult>
		<occluded>0</occluded>
		<bndbox>
			<xmin>56</xmin>
			<xmax>274</xmax>
			<ymin>77</ymin>
			<ymax>183</ymax>
		</bndbox>
		<polygon>
			<x1>255.3125</x1>
			<y1>166.607397</y1>
			<x2>272.5</x2>
			<y2>162.85873</y2>
			<x3>270</x3>
			<y3>82.054143</y3>
			<x4>265.9375</x4>
			<y4>75.806365</y4>
			<x5>57.8125</x5>
			<y5>88.30192</y5>
			<x6>55</x6>
			<y6>90.384513</y6>
			<x7>55</x7>
			<y7>142.032806</y7>
			<x8>56.875</x8>
			<y8>178.686433</y8>
			<x9>58.4375</x9>
			<y9>181.602062</y9>
			<x10>255.3125</x10>
			<y10>166.607397</y10>
		</polygon>
	</object>
</annotation>
