<annotation>
	<folder></folder>
	<filename>20_jpg.rf.dce9d81c4cc82900dfd401a7cf606d65.jpg</filename>
	<path>20_jpg.rf.dce9d81c4cc82900dfd401a7cf606d65.jpg</path>
	<source>
		<database>roboflow.com</database>
	</source>
	<size>
		<width>320</width>
		<height>320</height>
		<depth>3</depth>
	</size>
	<segmented>0</segmented>
	<object>
		<name>license</name>
		<pose>Unspecified</pose>
		<truncated>0</truncated>
		<difficult>0</difficult>
		<occluded>0</occluded>
		<bndbox>
			<xmin>56</xmin>
			<xmax>274</xmax>
			<ymin>77</ymin>
			<ymax>183</ymax>
		</bndbox>
		<polygon>
			<x1>55</x1>
			<y1>142.032806</y1>
			<x2>56.875</x2>
			<y2>178.686433</y2>
			<x3>58.4375</x3>
			<y3>181.602062</y3>
			<x4>255.3125</x4>
			<y4>166.607397</y4>
			<x5>272.5</x5>
			<y5>162.85873</y5>
			<x6>270</x6>
			<y6>82.054143</y6>
			<x7>265.9375</x7>
			<y7>75.806365</y7>
			<x8>57.8125</x8>
			<y8>88.30192</y8>
			<x9>55</x9>
			<y9>90.384513</y9>
			<x10>55</x10>
			<y10>142.032806</y10>
		</polygon>
	</object>
</annotation>
