<annotation>
	<folder></folder>
	<filename>215fa1bf69e68740_jpg.rf.38da6ce94713328050039ae61ae25792.jpg</filename>
	<path>215fa1bf69e68740_jpg.rf.38da6ce94713328050039ae61ae25792.jpg</path>
	<source>
		<database>roboflow.com</database>
	</source>
	<size>
		<width>320</width>
		<height>320</height>
		<depth>3</depth>
	</size>
	<segmented>0</segmented>
	<object>
		<name>license</name>
		<pose>Unspecified</pose>
		<truncated>0</truncated>
		<difficult>0</difficult>
		<occluded>0</occluded>
		<bndbox>
			<xmin>103</xmin>
			<xmax>234</xmax>
			<ymin>82</ymin>
			<ymax>262</ymax>
		</bndbox>
	</object>
</annotation>
