<annotation>
	<folder></folder>
	<filename>216c39e4b2b62b0d_jpg.rf.c5cff4af34b1af08da70d7fb387ca2db.jpg</filename>
	<path>216c39e4b2b62b0d_jpg.rf.c5cff4af34b1af08da70d7fb387ca2db.jpg</path>
	<source>
		<database>roboflow.com</database>
	</source>
	<size>
		<width>320</width>
		<height>320</height>
		<depth>3</depth>
	</size>
	<segmented>0</segmented>
	<object>
		<name>license</name>
		<pose>Unspecified</pose>
		<truncated>0</truncated>
		<difficult>0</difficult>
		<occluded>0</occluded>
		<bndbox>
			<xmin>125</xmin>
			<xmax>193</xmax>
			<ymin>147</ymin>
			<ymax>198</ymax>
		</bndbox>
	</object>
</annotation>
