<annotation>
	<folder></folder>
	<filename>21x4z3qcxmfa1_jpg.rf.79c0a82c050f0272d1e6508c75e2618d.jpg</filename>
	<path>21x4z3qcxmfa1_jpg.rf.79c0a82c050f0272d1e6508c75e2618d.jpg</path>
	<source>
		<database>roboflow.com</database>
	</source>
	<size>
		<width>320</width>
		<height>320</height>
		<depth>3</depth>
	</size>
	<segmented>0</segmented>
	<object>
		<name>license</name>
		<pose>Unspecified</pose>
		<truncated>0</truncated>
		<difficult>0</difficult>
		<occluded>0</occluded>
		<bndbox>
			<xmin>129</xmin>
			<xmax>200</xmax>
			<ymin>173</ymin>
			<ymax>210</ymax>
		</bndbox>
		<polygon>
			<x1>199.005</x1>
			<y1>173.265</y1>
			<x2>128.425</x2>
			<y2>172.47</y2>
			<x3>129.485</x3>
			<y3>208.555</y3>
			<x4>199.27</x4>
			<y4>209.355</y4>
			<x5>199.005</x5>
			<y5>173.265</y5>
		</polygon>
	</object>
</annotation>
