<annotation>
	<folder></folder>
	<filename>21x4z3qcxmfa1_jpg.rf.b9bb50df9017ed3f4e743ada7d96335a.jpg</filename>
	<path>21x4z3qcxmfa1_jpg.rf.b9bb50df9017ed3f4e743ada7d96335a.jpg</path>
	<source>
		<database>roboflow.com</database>
	</source>
	<size>
		<width>320</width>
		<height>320</height>
		<depth>3</depth>
	</size>
	<segmented>0</segmented>
	<object>
		<name>license</name>
		<pose>Unspecified</pose>
		<truncated>0</truncated>
		<difficult>0</difficult>
		<occluded>0</occluded>
		<bndbox>
			<xmin>129</xmin>
			<xmax>200</xmax>
			<ymin>173</ymin>
			<ymax>210</ymax>
		</bndbox>
		<polygon>
			<x1>129.485</x1>
			<y1>208.555</y1>
			<x2>199.27</x2>
			<y2>209.355</y2>
			<x3>199.005</x3>
			<y3>173.265</y3>
			<x4>128.425</x4>
			<y4>172.47</y4>
			<x5>129.485</x5>
			<y5>208.555</y5>
		</polygon>
	</object>
</annotation>
