<annotation>
	<folder></folder>
	<filename>226a58959858e4ba_jpg.rf.6e5d2dc60a50f71d01fac9203eb6d8c7.jpg</filename>
	<path>226a58959858e4ba_jpg.rf.6e5d2dc60a50f71d01fac9203eb6d8c7.jpg</path>
	<source>
		<database>roboflow.com</database>
	</source>
	<size>
		<width>320</width>
		<height>320</height>
		<depth>3</depth>
	</size>
	<segmented>0</segmented>
	<object>
		<name>license</name>
		<pose>Unspecified</pose>
		<truncated>0</truncated>
		<difficult>0</difficult>
		<occluded>0</occluded>
		<bndbox>
			<xmin>50</xmin>
			<xmax>267</xmax>
			<ymin>124</ymin>
			<ymax>273</ymax>
		</bndbox>
	</object>
</annotation>
