<annotation>
	<folder></folder>
	<filename>230a0d1914172390_jpg.rf.d999ccfc799f3053ef1674c22ad9a406.jpg</filename>
	<path>230a0d1914172390_jpg.rf.d999ccfc799f3053ef1674c22ad9a406.jpg</path>
	<source>
		<database>roboflow.com</database>
	</source>
	<size>
		<width>320</width>
		<height>320</height>
		<depth>3</depth>
	</size>
	<segmented>0</segmented>
	<object>
		<name>license</name>
		<pose>Unspecified</pose>
		<truncated>0</truncated>
		<difficult>0</difficult>
		<occluded>0</occluded>
		<bndbox>
			<xmin>17</xmin>
			<xmax>259</xmax>
			<ymin>49</ymin>
			<ymax>207</ymax>
		</bndbox>
	</object>
</annotation>
