<annotation>
	<folder></folder>
	<filename>236b04e25b415b59_jpg.rf.f4d8587e5b0bb17cdda0c99fc5f57895.jpg</filename>
	<path>236b04e25b415b59_jpg.rf.f4d8587e5b0bb17cdda0c99fc5f57895.jpg</path>
	<source>
		<database>roboflow.com</database>
	</source>
	<size>
		<width>320</width>
		<height>320</height>
		<depth>3</depth>
	</size>
	<segmented>0</segmented>
	<object>
		<name>license</name>
		<pose>Unspecified</pose>
		<truncated>0</truncated>
		<difficult>0</difficult>
		<occluded>0</occluded>
		<bndbox>
			<xmin>52</xmin>
			<xmax>311</xmax>
			<ymin>73</ymin>
			<ymax>248</ymax>
		</bndbox>
	</object>
</annotation>
