<annotation>
	<folder></folder>
	<filename>23_jpg.rf.74cf7042ce3d765be9b769191caa9f15.jpg</filename>
	<path>23_jpg.rf.74cf7042ce3d765be9b769191caa9f15.jpg</path>
	<source>
		<database>roboflow.com</database>
	</source>
	<size>
		<width>320</width>
		<height>320</height>
		<depth>3</depth>
	</size>
	<segmented>0</segmented>
	<object>
		<name>license</name>
		<pose>Unspecified</pose>
		<truncated>0</truncated>
		<difficult>0</difficult>
		<occluded>0</occluded>
		<bndbox>
			<xmin>119</xmin>
			<xmax>227</xmax>
			<ymin>186</ymin>
			<ymax>246</ymax>
		</bndbox>
		<polygon>
			<x1>117.5</x1>
			<y1>239.421453</y1>
			<x2>119.0625</x2>
			<y2>244.001689</y2>
			<x3>222.1875</x3>
			<y3>244.83446</y3>
			<x4>224.375</x4>
			<y4>242.752534</y4>
			<x5>226.25</x5>
			<y5>206.943412</y5>
			<x6>226.25</x6>
			<y6>190.288007</y6>
			<x7>224.6875</x7>
			<y7>187.373311</y7>
			<x8>122.8125</x8>
			<y8>184.875</y8>
			<x9>120.625</x9>
			<y9>187.789696</y9>
			<x10>117.5</x10>
			<y10>239.421453</y10>
		</polygon>
	</object>
</annotation>
