<annotation>
	<folder></folder>
	<filename>23_jpg.rf.3c2f59221a2ca069826b32e178453a5b.jpg</filename>
	<path>23_jpg.rf.3c2f59221a2ca069826b32e178453a5b.jpg</path>
	<source>
		<database>roboflow.com</database>
	</source>
	<size>
		<width>320</width>
		<height>320</height>
		<depth>3</depth>
	</size>
	<segmented>0</segmented>
	<object>
		<name>license</name>
		<pose>Unspecified</pose>
		<truncated>0</truncated>
		<difficult>0</difficult>
		<occluded>0</occluded>
		<bndbox>
			<xmin>119</xmin>
			<xmax>227</xmax>
			<ymin>186</ymin>
			<ymax>246</ymax>
		</bndbox>
		<polygon>
			<x1>224.375</x1>
			<y1>242.752534</y1>
			<x2>226.25</x2>
			<y2>206.943412</y2>
			<x3>226.25</x3>
			<y3>190.288007</y3>
			<x4>224.6875</x4>
			<y4>187.373311</y4>
			<x5>122.8125</x5>
			<y5>184.875</y5>
			<x6>120.625</x6>
			<y6>187.789696</y6>
			<x7>117.5</x7>
			<y7>239.421453</y7>
			<x8>119.0625</x8>
			<y8>244.001689</y8>
			<x9>222.1875</x9>
			<y9>244.83446</y9>
			<x10>224.375</x10>
			<y10>242.752534</y10>
		</polygon>
	</object>
</annotation>
