<annotation>
	<folder></folder>
	<filename>247b74ca4fd19931_jpg.rf.a1e71c450b3c227b5ad7cd68782774dc.jpg</filename>
	<path>247b74ca4fd19931_jpg.rf.a1e71c450b3c227b5ad7cd68782774dc.jpg</path>
	<source>
		<database>roboflow.com</database>
	</source>
	<size>
		<width>320</width>
		<height>320</height>
		<depth>3</depth>
	</size>
	<segmented>0</segmented>
	<object>
		<name>license</name>
		<pose>Unspecified</pose>
		<truncated>0</truncated>
		<difficult>0</difficult>
		<occluded>0</occluded>
		<bndbox>
			<xmin>26</xmin>
			<xmax>308</xmax>
			<ymin>45</ymin>
			<ymax>247</ymax>
		</bndbox>
	</object>
</annotation>
