<annotation>
	<folder></folder>
	<filename>24_jpg.rf.c4f308a279ed4db9573eb91ef0dd1f9e.jpg</filename>
	<path>24_jpg.rf.c4f308a279ed4db9573eb91ef0dd1f9e.jpg</path>
	<source>
		<database>roboflow.com</database>
	</source>
	<size>
		<width>320</width>
		<height>320</height>
		<depth>3</depth>
	</size>
	<segmented>0</segmented>
	<object>
		<name>license</name>
		<pose>Unspecified</pose>
		<truncated>0</truncated>
		<difficult>0</difficult>
		<occluded>0</occluded>
		<bndbox>
			<xmin>77</xmin>
			<xmax>216</xmax>
			<ymin>87</ymin>
			<ymax>154</ymax>
		</bndbox>
		<polygon>
			<x1>210.625</x1>
			<y1>146.143404</y1>
			<x2>215</x2>
			<y2>100.343477</y2>
			<x3>215</x3>
			<y3>87.019861</y3>
			<x4>213.4375</x4>
			<y4>85.770773</y4>
			<x5>81.5625</x5>
			<y5>91.599854</y5>
			<x6>75.625</x6>
			<y6>94.514395</y6>
			<x7>75.625</x7>
			<y7>146.97613</y7>
			<x8>77.1875</x8>
			<y8>153.221574</y8>
			<x9>207.8125</x9>
			<y9>148.225218</y9>
			<x10>210.625</x10>
			<y10>146.143404</y10>
		</polygon>
	</object>
</annotation>
