<annotation>
	<folder></folder>
	<filename>24_jpg.rf.42456fe2e4d6013f37c1321c465215db.jpg</filename>
	<path>24_jpg.rf.42456fe2e4d6013f37c1321c465215db.jpg</path>
	<source>
		<database>roboflow.com</database>
	</source>
	<size>
		<width>320</width>
		<height>320</height>
		<depth>3</depth>
	</size>
	<segmented>0</segmented>
	<object>
		<name>license</name>
		<pose>Unspecified</pose>
		<truncated>0</truncated>
		<difficult>0</difficult>
		<occluded>0</occluded>
		<bndbox>
			<xmin>77</xmin>
			<xmax>216</xmax>
			<ymin>87</ymin>
			<ymax>154</ymax>
		</bndbox>
		<polygon>
			<x1>75.625</x1>
			<y1>146.97613</y1>
			<x2>77.1875</x2>
			<y2>153.221574</y2>
			<x3>207.8125</x3>
			<y3>148.225218</y3>
			<x4>210.625</x4>
			<y4>146.143404</y4>
			<x5>215</x5>
			<y5>100.343477</y5>
			<x6>215</x6>
			<y6>87.019861</y6>
			<x7>213.4375</x7>
			<y7>85.770773</y7>
			<x8>81.5625</x8>
			<y8>91.599854</y8>
			<x9>75.625</x9>
			<y9>94.514395</y9>
			<x10>75.625</x10>
			<y10>146.97613</y10>
		</polygon>
	</object>
</annotation>
