<annotation>
	<folder></folder>
	<filename>25_jpg.rf.e78a7687a8db8d487c66d31d13ff15c1.jpg</filename>
	<path>25_jpg.rf.e78a7687a8db8d487c66d31d13ff15c1.jpg</path>
	<source>
		<database>roboflow.com</database>
	</source>
	<size>
		<width>320</width>
		<height>320</height>
		<depth>3</depth>
	</size>
	<segmented>0</segmented>
	<object>
		<name>license</name>
		<pose>Unspecified</pose>
		<truncated>0</truncated>
		<difficult>0</difficult>
		<occluded>0</occluded>
		<bndbox>
			<xmin>110</xmin>
			<xmax>207</xmax>
			<ymin>105</ymin>
			<ymax>165</ymax>
		</bndbox>
		<polygon>
			<x1>110</x1>
			<y1>107.083333</y1>
			<x2>108.75</x2>
			<y2>155.416667</y2>
			<x3>110.9375</x3>
			<y3>159.166667</y3>
			<x4>194.6875</x4>
			<y4>164.166666</y4>
			<x5>204.6875</x5>
			<y5>164.166666</y5>
			<x6>205.625</x6>
			<y6>162.083333</y6>
			<x7>205</x7>
			<y7>113.75</y7>
			<x8>204.375</x8>
			<y8>110.416667</y8>
			<x9>201.5625</x9>
			<y9>107.5</y9>
			<x10>112.1875</x10>
			<y10>104.166666</y10>
			<x11>110</x11>
			<y11>107.083333</y11>
		</polygon>
	</object>
</annotation>
