<annotation>
	<folder></folder>
	<filename>25_jpg.rf.a62c16fe37a2475f931d7b4d9e3b40c7.jpg</filename>
	<path>25_jpg.rf.a62c16fe37a2475f931d7b4d9e3b40c7.jpg</path>
	<source>
		<database>roboflow.com</database>
	</source>
	<size>
		<width>320</width>
		<height>320</height>
		<depth>3</depth>
	</size>
	<segmented>0</segmented>
	<object>
		<name>license</name>
		<pose>Unspecified</pose>
		<truncated>0</truncated>
		<difficult>0</difficult>
		<occluded>0</occluded>
		<bndbox>
			<xmin>110</xmin>
			<xmax>207</xmax>
			<ymin>105</ymin>
			<ymax>165</ymax>
		</bndbox>
		<polygon>
			<x1>204.6875</x1>
			<y1>164.166666</y1>
			<x2>205.625</x2>
			<y2>162.083333</y2>
			<x3>205</x3>
			<y3>113.75</y3>
			<x4>204.375</x4>
			<y4>110.416667</y4>
			<x5>201.5625</x5>
			<y5>107.5</y5>
			<x6>112.1875</x6>
			<y6>104.166666</y6>
			<x7>110</x7>
			<y7>107.083333</y7>
			<x8>108.75</x8>
			<y8>155.416667</y8>
			<x9>110.9375</x9>
			<y9>159.166667</y9>
			<x10>194.6875</x10>
			<y10>164.166666</y10>
			<x11>204.6875</x11>
			<y11>164.166666</y11>
		</polygon>
	</object>
</annotation>
