<annotation>
	<folder></folder>
	<filename>25a935e194aa3efd_jpg.rf.80464db0efa043f9a7998c12b5cbbb7f.jpg</filename>
	<path>25a935e194aa3efd_jpg.rf.80464db0efa043f9a7998c12b5cbbb7f.jpg</path>
	<source>
		<database>roboflow.com</database>
	</source>
	<size>
		<width>320</width>
		<height>320</height>
		<depth>3</depth>
	</size>
	<segmented>0</segmented>
	<object>
		<name>license</name>
		<pose>Unspecified</pose>
		<truncated>0</truncated>
		<difficult>0</difficult>
		<occluded>0</occluded>
		<bndbox>
			<xmin>156</xmin>
			<xmax>272</xmax>
			<ymin>198</ymin>
			<ymax>245</ymax>
		</bndbox>
	</object>
</annotation>
