<annotation>
	<folder></folder>
	<filename>25c96c94dcb3e3ac_jpg.rf.696bd51833d4aff25553423ec76411a8.jpg</filename>
	<path>25c96c94dcb3e3ac_jpg.rf.696bd51833d4aff25553423ec76411a8.jpg</path>
	<source>
		<database>roboflow.com</database>
	</source>
	<size>
		<width>320</width>
		<height>320</height>
		<depth>3</depth>
	</size>
	<segmented>0</segmented>
	<object>
		<name>license</name>
		<pose>Unspecified</pose>
		<truncated>0</truncated>
		<difficult>0</difficult>
		<occluded>0</occluded>
		<bndbox>
			<xmin>71</xmin>
			<xmax>142</xmax>
			<ymin>231</ymin>
			<ymax>277</ymax>
		</bndbox>
	</object>
</annotation>
