<annotation>
	<folder></folder>
	<filename>26_jpg.rf.4b4370a83b7b8937f91e6feca8781ccb.jpg</filename>
	<path>26_jpg.rf.4b4370a83b7b8937f91e6feca8781ccb.jpg</path>
	<source>
		<database>roboflow.com</database>
	</source>
	<size>
		<width>320</width>
		<height>320</height>
		<depth>3</depth>
	</size>
	<segmented>0</segmented>
	<object>
		<name>license</name>
		<pose>Unspecified</pose>
		<truncated>0</truncated>
		<difficult>0</difficult>
		<occluded>0</occluded>
		<bndbox>
			<xmin>87</xmin>
			<xmax>190</xmax>
			<ymin>131</ymin>
			<ymax>190</ymax>
		</bndbox>
		<polygon>
			<x1>179.6875</x1>
			<y1>189.02879</y1>
			<x2>188.4375</x2>
			<y2>189.02879</y2>
			<x3>189.375</x3>
			<y3>186.946975</y3>
			<x4>189.375</x4>
			<y4>140.314322</y4>
			<x5>187.1875</x5>
			<y5>134.901603</y5>
			<x6>87.8125</x6>
			<y6>129.905248</y6>
			<x7>86.25</x7>
			<y7>131.987063</y7>
			<x8>86.25</x8>
			<y8>181.95062</y8>
			<x9>87.8125</x9>
			<y9>184.032434</y9>
			<x10>179.6875</x10>
			<y10>189.02879</y10>
		</polygon>
	</object>
</annotation>
