<annotation>
	<folder></folder>
	<filename>26_jpg.rf.527349229cc7cc16039eec72adf78b1d.jpg</filename>
	<path>26_jpg.rf.527349229cc7cc16039eec72adf78b1d.jpg</path>
	<source>
		<database>roboflow.com</database>
	</source>
	<size>
		<width>320</width>
		<height>320</height>
		<depth>3</depth>
	</size>
	<segmented>0</segmented>
	<object>
		<name>license</name>
		<pose>Unspecified</pose>
		<truncated>0</truncated>
		<difficult>0</difficult>
		<occluded>0</occluded>
		<bndbox>
			<xmin>87</xmin>
			<xmax>190</xmax>
			<ymin>131</ymin>
			<ymax>190</ymax>
		</bndbox>
		<polygon>
			<x1>86.25</x1>
			<y1>131.987063</y1>
			<x2>86.25</x2>
			<y2>181.95062</y2>
			<x3>87.8125</x3>
			<y3>184.032434</y3>
			<x4>179.6875</x4>
			<y4>189.02879</y4>
			<x5>188.4375</x5>
			<y5>189.02879</y5>
			<x6>189.375</x6>
			<y6>186.946975</y6>
			<x7>189.375</x7>
			<y7>140.314322</y7>
			<x8>187.1875</x8>
			<y8>134.901603</y8>
			<x9>87.8125</x9>
			<y9>129.905248</y9>
			<x10>86.25</x10>
			<y10>131.987063</y10>
		</polygon>
	</object>
</annotation>
