<annotation>
	<folder></folder>
	<filename>26e185c5d507c7cf_jpg.rf.f9ffc128e56d7f90ade336f45c446d42.jpg</filename>
	<path>26e185c5d507c7cf_jpg.rf.f9ffc128e56d7f90ade336f45c446d42.jpg</path>
	<source>
		<database>roboflow.com</database>
	</source>
	<size>
		<width>320</width>
		<height>320</height>
		<depth>3</depth>
	</size>
	<segmented>0</segmented>
	<object>
		<name>license</name>
		<pose>Unspecified</pose>
		<truncated>0</truncated>
		<difficult>0</difficult>
		<occluded>0</occluded>
		<bndbox>
			<xmin>10</xmin>
			<xmax>287</xmax>
			<ymin>99</ymin>
			<ymax>224</ymax>
		</bndbox>
	</object>
</annotation>
