<annotation>
	<folder></folder>
	<filename>26edf81e81dbaef2_jpg.rf.a469a77a307635b58a0fa0b2a8149caf.jpg</filename>
	<path>26edf81e81dbaef2_jpg.rf.a469a77a307635b58a0fa0b2a8149caf.jpg</path>
	<source>
		<database>roboflow.com</database>
	</source>
	<size>
		<width>320</width>
		<height>320</height>
		<depth>3</depth>
	</size>
	<segmented>0</segmented>
	<object>
		<name>license</name>
		<pose>Unspecified</pose>
		<truncated>0</truncated>
		<difficult>0</difficult>
		<occluded>0</occluded>
		<bndbox>
			<xmin>29</xmin>
			<xmax>306</xmax>
			<ymin>59</ymin>
			<ymax>244</ymax>
		</bndbox>
	</object>
</annotation>
