<annotation>
	<folder></folder>
	<filename>2799cab694b8824b_jpg.rf.fd8451c4bcdef8ee214bf3d4f810574d.jpg</filename>
	<path>2799cab694b8824b_jpg.rf.fd8451c4bcdef8ee214bf3d4f810574d.jpg</path>
	<source>
		<database>roboflow.com</database>
	</source>
	<size>
		<width>320</width>
		<height>320</height>
		<depth>3</depth>
	</size>
	<segmented>0</segmented>
	<object>
		<name>license</name>
		<pose>Unspecified</pose>
		<truncated>0</truncated>
		<difficult>0</difficult>
		<occluded>0</occluded>
		<bndbox>
			<xmin>99</xmin>
			<xmax>219</xmax>
			<ymin>165</ymin>
			<ymax>198</ymax>
		</bndbox>
	</object>
</annotation>
