<annotation>
	<folder></folder>
	<filename>27e27f76637103bf_jpg.rf.57a4a8e38d30f71a40ba94e6d1c1a24d.jpg</filename>
	<path>27e27f76637103bf_jpg.rf.57a4a8e38d30f71a40ba94e6d1c1a24d.jpg</path>
	<source>
		<database>roboflow.com</database>
	</source>
	<size>
		<width>320</width>
		<height>320</height>
		<depth>3</depth>
	</size>
	<segmented>0</segmented>
	<object>
		<name>license</name>
		<pose>Unspecified</pose>
		<truncated>0</truncated>
		<difficult>0</difficult>
		<occluded>0</occluded>
		<bndbox>
			<xmin>118</xmin>
			<xmax>220</xmax>
			<ymin>101</ymin>
			<ymax>178</ymax>
		</bndbox>
	</object>
</annotation>
