<annotation>
	<folder></folder>
	<filename>27eb9c891426cda4_jpg.rf.59bdaadc5ae68246bc1aa2d90c5365b6.jpg</filename>
	<path>27eb9c891426cda4_jpg.rf.59bdaadc5ae68246bc1aa2d90c5365b6.jpg</path>
	<source>
		<database>roboflow.com</database>
	</source>
	<size>
		<width>320</width>
		<height>320</height>
		<depth>3</depth>
	</size>
	<segmented>0</segmented>
	<object>
		<name>license</name>
		<pose>Unspecified</pose>
		<truncated>0</truncated>
		<difficult>0</difficult>
		<occluded>0</occluded>
		<bndbox>
			<xmin>107</xmin>
			<xmax>203</xmax>
			<ymin>77</ymin>
			<ymax>203</ymax>
		</bndbox>
	</object>
</annotation>
