<annotation>
	<folder></folder>
	<filename>282dec3d0f36d111_jpg.rf.52388e8c3061c3a4e0daa63794e66a11.jpg</filename>
	<path>282dec3d0f36d111_jpg.rf.52388e8c3061c3a4e0daa63794e66a11.jpg</path>
	<source>
		<database>roboflow.com</database>
	</source>
	<size>
		<width>320</width>
		<height>320</height>
		<depth>3</depth>
	</size>
	<segmented>0</segmented>
	<object>
		<name>license</name>
		<pose>Unspecified</pose>
		<truncated>0</truncated>
		<difficult>0</difficult>
		<occluded>0</occluded>
		<bndbox>
			<xmin>56</xmin>
			<xmax>266</xmax>
			<ymin>59</ymin>
			<ymax>259</ymax>
		</bndbox>
	</object>
</annotation>
