<annotation>
	<folder></folder>
	<filename>28_jpg.rf.a3d0013b4117093be7280887e74817d4.jpg</filename>
	<path>28_jpg.rf.a3d0013b4117093be7280887e74817d4.jpg</path>
	<source>
		<database>roboflow.com</database>
	</source>
	<size>
		<width>320</width>
		<height>320</height>
		<depth>3</depth>
	</size>
	<segmented>0</segmented>
	<object>
		<name>license</name>
		<pose>Unspecified</pose>
		<truncated>0</truncated>
		<difficult>0</difficult>
		<occluded>0</occluded>
		<bndbox>
			<xmin>114</xmin>
			<xmax>228</xmax>
			<ymin>137</ymin>
			<ymax>222</ymax>
		</bndbox>
		<polygon>
			<x1>224.0625</x1>
			<y1>195.904701</y1>
			<x2>226.875</x2>
			<y2>192.153335</y2>
			<x3>225</x3>
			<y3>144.636024</y3>
			<x4>222.8125</x4>
			<y4>135.882835</y4>
			<x5>114.6875</x5>
			<y5>157.557398</y5>
			<x6>112.5</x6>
			<y6>159.64149</y6>
			<x7>114.375</x7>
			<y7>216.328808</y7>
			<x8>117.1875</x8>
			<y8>220.913812</y8>
			<x9>218.4375</x9>
			<y9>197.571975</y9>
			<x10>224.0625</x10>
			<y10>195.904701</y10>
		</polygon>
	</object>
</annotation>
