<annotation>
	<folder></folder>
	<filename>28_jpg.rf.ef15af781df4e4795fccb0a4239314e9.jpg</filename>
	<path>28_jpg.rf.ef15af781df4e4795fccb0a4239314e9.jpg</path>
	<source>
		<database>roboflow.com</database>
	</source>
	<size>
		<width>320</width>
		<height>320</height>
		<depth>3</depth>
	</size>
	<segmented>0</segmented>
	<object>
		<name>license</name>
		<pose>Unspecified</pose>
		<truncated>0</truncated>
		<difficult>0</difficult>
		<occluded>0</occluded>
		<bndbox>
			<xmin>114</xmin>
			<xmax>228</xmax>
			<ymin>137</ymin>
			<ymax>222</ymax>
		</bndbox>
		<polygon>
			<x1>114.375</x1>
			<y1>216.328808</y1>
			<x2>117.1875</x2>
			<y2>220.913812</y2>
			<x3>218.4375</x3>
			<y3>197.571975</y3>
			<x4>224.0625</x4>
			<y4>195.904701</y4>
			<x5>226.875</x5>
			<y5>192.153335</y5>
			<x6>225</x6>
			<y6>144.636024</y6>
			<x7>222.8125</x7>
			<y7>135.882835</y7>
			<x8>114.6875</x8>
			<y8>157.557398</y8>
			<x9>112.5</x9>
			<y9>159.64149</y9>
			<x10>114.375</x10>
			<y10>216.328808</y10>
		</polygon>
	</object>
</annotation>
