<annotation>
	<folder></folder>
	<filename>28ba3139f8363dc9_jpg.rf.3c9e478a9b1c0dadedde1388a533601c.jpg</filename>
	<path>28ba3139f8363dc9_jpg.rf.3c9e478a9b1c0dadedde1388a533601c.jpg</path>
	<source>
		<database>roboflow.com</database>
	</source>
	<size>
		<width>320</width>
		<height>320</height>
		<depth>3</depth>
	</size>
	<segmented>0</segmented>
	<object>
		<name>license</name>
		<pose>Unspecified</pose>
		<truncated>0</truncated>
		<difficult>0</difficult>
		<occluded>0</occluded>
		<bndbox>
			<xmin>37</xmin>
			<xmax>297</xmax>
			<ymin>56</ymin>
			<ymax>233</ymax>
		</bndbox>
	</object>
</annotation>
