<annotation>
	<folder></folder>
	<filename>29988d8af76c5d1f_jpg.rf.8f9c3c15c34e4ec2913374f5e92e5275.jpg</filename>
	<path>29988d8af76c5d1f_jpg.rf.8f9c3c15c34e4ec2913374f5e92e5275.jpg</path>
	<source>
		<database>roboflow.com</database>
	</source>
	<size>
		<width>320</width>
		<height>320</height>
		<depth>3</depth>
	</size>
	<segmented>0</segmented>
	<object>
		<name>license</name>
		<pose>Unspecified</pose>
		<truncated>0</truncated>
		<difficult>0</difficult>
		<occluded>0</occluded>
		<bndbox>
			<xmin>105</xmin>
			<xmax>287</xmax>
			<ymin>179</ymin>
			<ymax>281</ymax>
		</bndbox>
	</object>
</annotation>
