<annotation>
	<folder></folder>
	<filename>29_jpg.rf.32f79e2dce3bd5bc69d9607c9dd61bc0.jpg</filename>
	<path>29_jpg.rf.32f79e2dce3bd5bc69d9607c9dd61bc0.jpg</path>
	<source>
		<database>roboflow.com</database>
	</source>
	<size>
		<width>320</width>
		<height>320</height>
		<depth>3</depth>
	</size>
	<segmented>0</segmented>
	<object>
		<name>license</name>
		<pose>Unspecified</pose>
		<truncated>0</truncated>
		<difficult>0</difficult>
		<occluded>0</occluded>
		<bndbox>
			<xmin>108</xmin>
			<xmax>219</xmax>
			<ymin>105</ymin>
			<ymax>159</ymax>
		</bndbox>
		<polygon>
			<x1>106.875</x1>
			<y1>153.806031</y1>
			<x2>108.4375</x2>
			<y2>157.557398</y2>
			<x3>215.3125</x3>
			<y3>156.723761</y3>
			<x4>218.125</x4>
			<y4>152.972394</y4>
			<x5>217.5</x5>
			<y5>107.122358</y5>
			<x6>215.3125</x6>
			<y6>104.204628</y6>
			<x7>108.4375</x7>
			<y7>105.871903</y7>
			<x8>106.875</x8>
			<y8>107.955995</y8>
			<x9>106.875</x9>
			<y9>153.806031</y9>
		</polygon>
	</object>
</annotation>
