<annotation>
	<folder></folder>
	<filename>29_jpg.rf.6ecd29a92dca35c4a0dc2c9000527473.jpg</filename>
	<path>29_jpg.rf.6ecd29a92dca35c4a0dc2c9000527473.jpg</path>
	<source>
		<database>roboflow.com</database>
	</source>
	<size>
		<width>320</width>
		<height>320</height>
		<depth>3</depth>
	</size>
	<segmented>0</segmented>
	<object>
		<name>license</name>
		<pose>Unspecified</pose>
		<truncated>0</truncated>
		<difficult>0</difficult>
		<occluded>0</occluded>
		<bndbox>
			<xmin>108</xmin>
			<xmax>219</xmax>
			<ymin>105</ymin>
			<ymax>159</ymax>
		</bndbox>
		<polygon>
			<x1>215.3125</x1>
			<y1>156.723761</y1>
			<x2>218.125</x2>
			<y2>152.972394</y2>
			<x3>217.5</x3>
			<y3>107.122358</y3>
			<x4>215.3125</x4>
			<y4>104.204628</y4>
			<x5>108.4375</x5>
			<y5>105.871903</y5>
			<x6>106.875</x6>
			<y6>107.955995</y6>
			<x7>106.875</x7>
			<y7>153.806031</y7>
			<x8>108.4375</x8>
			<y8>157.557398</y8>
			<x9>215.3125</x9>
			<y9>156.723761</y9>
		</polygon>
	</object>
</annotation>
