<annotation>
	<folder></folder>
	<filename>2_jpg.rf.e8b2fd915692b7fd523d2b1ae64a3b5b.jpg</filename>
	<path>2_jpg.rf.e8b2fd915692b7fd523d2b1ae64a3b5b.jpg</path>
	<source>
		<database>roboflow.com</database>
	</source>
	<size>
		<width>320</width>
		<height>320</height>
		<depth>3</depth>
	</size>
	<segmented>0</segmented>
	<object>
		<name>license</name>
		<pose>Unspecified</pose>
		<truncated>0</truncated>
		<difficult>0</difficult>
		<occluded>0</occluded>
		<bndbox>
			<xmin>110</xmin>
			<xmax>203</xmax>
			<ymin>139</ymin>
			<ymax>188</ymax>
		</bndbox>
		<polygon>
			<x1>201.875</x1>
			<y1>180.285168</y1>
			<x2>201.25</x2>
			<y2>140.314322</y2>
			<x3>199.6875</x3>
			<y3>138.232508</y3>
			<x4>109.0625</x4>
			<y4>143.228863</y4>
			<x5>108.75</x5>
			<y5>185.281523</y5>
			<x6>110.9375</x6>
			<y6>187.363338</y6>
			<x7>200.3125</x7>
			<y7>184.032434</y7>
			<x8>201.875</x8>
			<y8>180.285168</y8>
		</polygon>
	</object>
</annotation>
