<annotation>
	<folder></folder>
	<filename>2_jpg.rf.65a4f6e433a79110668292011c52c2d8.jpg</filename>
	<path>2_jpg.rf.65a4f6e433a79110668292011c52c2d8.jpg</path>
	<source>
		<database>roboflow.com</database>
	</source>
	<size>
		<width>320</width>
		<height>320</height>
		<depth>3</depth>
	</size>
	<segmented>0</segmented>
	<object>
		<name>license</name>
		<pose>Unspecified</pose>
		<truncated>0</truncated>
		<difficult>0</difficult>
		<occluded>0</occluded>
		<bndbox>
			<xmin>110</xmin>
			<xmax>203</xmax>
			<ymin>139</ymin>
			<ymax>188</ymax>
		</bndbox>
		<polygon>
			<x1>200.3125</x1>
			<y1>184.032434</y1>
			<x2>201.875</x2>
			<y2>180.285168</y2>
			<x3>201.25</x3>
			<y3>140.314322</y3>
			<x4>199.6875</x4>
			<y4>138.232508</y4>
			<x5>109.0625</x5>
			<y5>143.228863</y5>
			<x6>108.75</x6>
			<y6>185.281523</y6>
			<x7>110.9375</x7>
			<y7>187.363338</y7>
			<x8>200.3125</x8>
			<y8>184.032434</y8>
		</polygon>
	</object>
</annotation>
