<annotation>
	<folder></folder>
	<filename>2be7fec54b43a742_jpg.rf.69665fc698aa4117ada9aa1f073a6d0c.jpg</filename>
	<path>2be7fec54b43a742_jpg.rf.69665fc698aa4117ada9aa1f073a6d0c.jpg</path>
	<source>
		<database>roboflow.com</database>
	</source>
	<size>
		<width>320</width>
		<height>320</height>
		<depth>3</depth>
	</size>
	<segmented>0</segmented>
	<object>
		<name>license</name>
		<pose>Unspecified</pose>
		<truncated>0</truncated>
		<difficult>0</difficult>
		<occluded>0</occluded>
		<bndbox>
			<xmin>69</xmin>
			<xmax>188</xmax>
			<ymin>98</ymin>
			<ymax>217</ymax>
		</bndbox>
	</object>
</annotation>
