<annotation>
	<folder></folder>
	<filename>2c57bd6d734b6ff3_jpg.rf.d9feb5aef138762ad7a3fe0013ab76c8.jpg</filename>
	<path>2c57bd6d734b6ff3_jpg.rf.d9feb5aef138762ad7a3fe0013ab76c8.jpg</path>
	<source>
		<database>roboflow.com</database>
	</source>
	<size>
		<width>320</width>
		<height>320</height>
		<depth>3</depth>
	</size>
	<segmented>0</segmented>
	<object>
		<name>license</name>
		<pose>Unspecified</pose>
		<truncated>0</truncated>
		<difficult>0</difficult>
		<occluded>0</occluded>
		<bndbox>
			<xmin>101</xmin>
			<xmax>230</xmax>
			<ymin>212</ymin>
			<ymax>301</ymax>
		</bndbox>
	</object>
</annotation>
