<annotation>
	<folder></folder>
	<filename>2ce48ce3549f099e_jpg.rf.7a629a7ce8e8217304b13632d8b0e7ed.jpg</filename>
	<path>2ce48ce3549f099e_jpg.rf.7a629a7ce8e8217304b13632d8b0e7ed.jpg</path>
	<source>
		<database>roboflow.com</database>
	</source>
	<size>
		<width>320</width>
		<height>320</height>
		<depth>3</depth>
	</size>
	<segmented>0</segmented>
	<object>
		<name>license</name>
		<pose>Unspecified</pose>
		<truncated>0</truncated>
		<difficult>0</difficult>
		<occluded>0</occluded>
		<bndbox>
			<xmin>199</xmin>
			<xmax>251</xmax>
			<ymin>135</ymin>
			<ymax>188</ymax>
		</bndbox>
	</object>
	<object>
		<name>license</name>
		<pose>Unspecified</pose>
		<truncated>0</truncated>
		<difficult>0</difficult>
		<occluded>0</occluded>
		<bndbox>
			<xmin>55</xmin>
			<xmax>65</xmax>
			<ymin>33</ymin>
			<ymax>39</ymax>
		</bndbox>
	</object>
</annotation>
