<annotation>
	<folder></folder>
	<filename>2fwtoshqayaa1_jpg.rf.687dc7abeca52ec47778013f6b41609d.jpg</filename>
	<path>2fwtoshqayaa1_jpg.rf.687dc7abeca52ec47778013f6b41609d.jpg</path>
	<source>
		<database>roboflow.com</database>
	</source>
	<size>
		<width>320</width>
		<height>320</height>
		<depth>3</depth>
	</size>
	<segmented>0</segmented>
	<object>
		<name>license</name>
		<pose>Unspecified</pose>
		<truncated>0</truncated>
		<difficult>0</difficult>
		<occluded>0</occluded>
		<bndbox>
			<xmin>130</xmin>
			<xmax>178</xmax>
			<ymin>168</ymin>
			<ymax>211</ymax>
		</bndbox>
		<polygon>
			<x1>128.955</x1>
			<y1>209.884444</y1>
			<x2>176.565</x2>
			<y2>210.417778</y2>
			<x3>176.715</x3>
			<y3>167.697778</y3>
			<x4>129.405</x4>
			<y4>167.164444</y4>
			<x5>128.955</x5>
			<y5>209.884444</y5>
		</polygon>
	</object>
</annotation>
