<annotation>
	<folder></folder>
	<filename>2fwtoshqayaa1_jpg.rf.fdd774c2ca352658a8cd29b73888b55b.jpg</filename>
	<path>2fwtoshqayaa1_jpg.rf.fdd774c2ca352658a8cd29b73888b55b.jpg</path>
	<source>
		<database>roboflow.com</database>
	</source>
	<size>
		<width>320</width>
		<height>320</height>
		<depth>3</depth>
	</size>
	<segmented>0</segmented>
	<object>
		<name>license</name>
		<pose>Unspecified</pose>
		<truncated>0</truncated>
		<difficult>0</difficult>
		<occluded>0</occluded>
		<bndbox>
			<xmin>130</xmin>
			<xmax>178</xmax>
			<ymin>168</ymin>
			<ymax>211</ymax>
		</bndbox>
		<polygon>
			<x1>176.715</x1>
			<y1>167.697778</y1>
			<x2>129.405</x2>
			<y2>167.164444</y2>
			<x3>128.955</x3>
			<y3>209.884444</y3>
			<x4>176.565</x4>
			<y4>210.417778</y4>
			<x5>176.715</x5>
			<y5>167.697778</y5>
		</polygon>
	</object>
</annotation>
