<annotation>
	<folder></folder>
	<filename>2qwexcctm9oa1_jpg.rf.6696e18ca5c05ba5146bb688c135926e.jpg</filename>
	<path>2qwexcctm9oa1_jpg.rf.6696e18ca5c05ba5146bb688c135926e.jpg</path>
	<source>
		<database>roboflow.com</database>
	</source>
	<size>
		<width>320</width>
		<height>320</height>
		<depth>3</depth>
	</size>
	<segmented>0</segmented>
	<object>
		<name>license</name>
		<pose>Unspecified</pose>
		<truncated>0</truncated>
		<difficult>0</difficult>
		<occluded>0</occluded>
		<bndbox>
			<xmin>123</xmin>
			<xmax>186</xmax>
			<ymin>182</ymin>
			<ymax>226</ymax>
		</bndbox>
		<polygon>
			<x1>184.28</x1>
			<y1>180.96</y1>
			<x2>122.39</x2>
			<y2>182.553333</y2>
			<x3>123.185</x3>
			<y3>224.74</y3>
			<x4>185.47</x4>
			<y4>222.886667</y4>
			<x5>184.28</x5>
			<y5>180.96</y5>
		</polygon>
	</object>
</annotation>
