<annotation>
	<folder></folder>
	<filename>2qwexcctm9oa1_jpg.rf.09e994e543bc26d7ef8ec3a9ad121011.jpg</filename>
	<path>2qwexcctm9oa1_jpg.rf.09e994e543bc26d7ef8ec3a9ad121011.jpg</path>
	<source>
		<database>roboflow.com</database>
	</source>
	<size>
		<width>320</width>
		<height>320</height>
		<depth>3</depth>
	</size>
	<segmented>0</segmented>
	<object>
		<name>license</name>
		<pose>Unspecified</pose>
		<truncated>0</truncated>
		<difficult>0</difficult>
		<occluded>0</occluded>
		<bndbox>
			<xmin>123</xmin>
			<xmax>186</xmax>
			<ymin>182</ymin>
			<ymax>226</ymax>
		</bndbox>
		<polygon>
			<x1>123.185</x1>
			<y1>224.74</y1>
			<x2>185.47</x2>
			<y2>222.886667</y2>
			<x3>184.28</x3>
			<y3>180.96</y3>
			<x4>122.39</x4>
			<y4>182.553333</y4>
			<x5>123.185</x5>
			<y5>224.74</y5>
		</polygon>
	</object>
</annotation>
