<annotation>
	<folder></folder>
	<filename>2wrrbogu87la1_jpg.rf.bf580ad0a264de1ce3495a1b278bd837.jpg</filename>
	<path>2wrrbogu87la1_jpg.rf.bf580ad0a264de1ce3495a1b278bd837.jpg</path>
	<source>
		<database>roboflow.com</database>
	</source>
	<size>
		<width>320</width>
		<height>320</height>
		<depth>3</depth>
	</size>
	<segmented>0</segmented>
	<object>
		<name>license</name>
		<pose>Unspecified</pose>
		<truncated>0</truncated>
		<difficult>0</difficult>
		<occluded>0</occluded>
		<bndbox>
			<xmin>151</xmin>
			<xmax>178</xmax>
			<ymin>246</ymin>
			<ymax>268</ymax>
		</bndbox>
		<polygon>
			<x1>149.5</x1>
			<y1>267.2</y1>
			<x2>176.5</x2>
			<y2>266.666667</y2>
			<x3>176.335</x3>
			<y3>245.174129</y3>
			<x4>149.5</x4>
			<y4>245.436816</y4>
			<x5>149.5</x5>
			<y5>267.2</y5>
		</polygon>
	</object>
</annotation>
