<annotation>
	<folder></folder>
	<filename>2wrrbogu87la1_jpg.rf.8c0d170b5087c356a2ea7162273dde0f.jpg</filename>
	<path>2wrrbogu87la1_jpg.rf.8c0d170b5087c356a2ea7162273dde0f.jpg</path>
	<source>
		<database>roboflow.com</database>
	</source>
	<size>
		<width>320</width>
		<height>320</height>
		<depth>3</depth>
	</size>
	<segmented>0</segmented>
	<object>
		<name>license</name>
		<pose>Unspecified</pose>
		<truncated>0</truncated>
		<difficult>0</difficult>
		<occluded>0</occluded>
		<bndbox>
			<xmin>151</xmin>
			<xmax>178</xmax>
			<ymin>246</ymin>
			<ymax>268</ymax>
		</bndbox>
		<polygon>
			<x1>176.335</x1>
			<y1>245.174129</y1>
			<x2>149.5</x2>
			<y2>245.436816</y2>
			<x3>149.5</x3>
			<y3>267.2</y3>
			<x4>176.5</x4>
			<y4>266.666667</y4>
			<x5>176.335</x5>
			<y5>245.174129</y5>
		</polygon>
	</object>
</annotation>
