<annotation>
	<folder></folder>
	<filename>2xzi19udwjba1_jpg.rf.88933c4d61bf5cd2c6b2287081822688.jpg</filename>
	<path>2xzi19udwjba1_jpg.rf.88933c4d61bf5cd2c6b2287081822688.jpg</path>
	<source>
		<database>roboflow.com</database>
	</source>
	<size>
		<width>320</width>
		<height>320</height>
		<depth>3</depth>
	</size>
	<segmented>0</segmented>
	<object>
		<name>license</name>
		<pose>Unspecified</pose>
		<truncated>0</truncated>
		<difficult>0</difficult>
		<occluded>0</occluded>
		<bndbox>
			<xmin>132</xmin>
			<xmax>196</xmax>
			<ymin>132</ymin>
			<ymax>175</ymax>
		</bndbox>
		<polygon>
			<x1>132.035</x1>
			<y1>173.529032</y1>
			<x2>194.96</x2>
			<y2>171.670968</y2>
			<x3>194.345</x3>
			<y3>131.070968</y3>
			<x4>131.42</x4>
			<y4>132.135484</y4>
			<x5>132.035</x5>
			<y5>173.529032</y5>
		</polygon>
	</object>
</annotation>
