<annotation>
	<folder></folder>
	<filename>2xzi19udwjba1_jpg.rf.bd4300645125f0a9f6b5afb469d2db73.jpg</filename>
	<path>2xzi19udwjba1_jpg.rf.bd4300645125f0a9f6b5afb469d2db73.jpg</path>
	<source>
		<database>roboflow.com</database>
	</source>
	<size>
		<width>320</width>
		<height>320</height>
		<depth>3</depth>
	</size>
	<segmented>0</segmented>
	<object>
		<name>license</name>
		<pose>Unspecified</pose>
		<truncated>0</truncated>
		<difficult>0</difficult>
		<occluded>0</occluded>
		<bndbox>
			<xmin>132</xmin>
			<xmax>196</xmax>
			<ymin>132</ymin>
			<ymax>175</ymax>
		</bndbox>
		<polygon>
			<x1>194.345</x1>
			<y1>131.070968</y1>
			<x2>131.42</x2>
			<y2>132.135484</y2>
			<x3>132.035</x3>
			<y3>173.529032</y3>
			<x4>194.96</x4>
			<y4>171.670968</y4>
			<x5>194.345</x5>
			<y5>131.070968</y5>
		</polygon>
	</object>
</annotation>
