<annotation>
	<folder></folder>
	<filename>3180fsf3e5oa1_jpg.rf.e72032001bf52362b0b48afc1aaf6697.jpg</filename>
	<path>3180fsf3e5oa1_jpg.rf.e72032001bf52362b0b48afc1aaf6697.jpg</path>
	<source>
		<database>roboflow.com</database>
	</source>
	<size>
		<width>320</width>
		<height>320</height>
		<depth>3</depth>
	</size>
	<segmented>0</segmented>
	<object>
		<name>license</name>
		<pose>Unspecified</pose>
		<truncated>0</truncated>
		<difficult>0</difficult>
		<occluded>0</occluded>
		<bndbox>
			<xmin>128</xmin>
			<xmax>174</xmax>
			<ymin>137</ymin>
			<ymax>160</ymax>
		</bndbox>
		<polygon>
			<x1>126.565</x1>
			<y1>158.675</y1>
			<x2>172.47</x2>
			<y2>158.94</y2>
			<x3>172.735</x3>
			<y3>135.59</y3>
			<x4>126.83</x4>
			<y4>135.59</y4>
			<x5>126.565</x5>
			<y5>158.675</y5>
		</polygon>
	</object>
</annotation>
