<annotation>
	<folder></folder>
	<filename>3180fsf3e5oa1_jpg.rf.eb110533eaf888bb7519df6ea09045f4.jpg</filename>
	<path>3180fsf3e5oa1_jpg.rf.eb110533eaf888bb7519df6ea09045f4.jpg</path>
	<source>
		<database>roboflow.com</database>
	</source>
	<size>
		<width>320</width>
		<height>320</height>
		<depth>3</depth>
	</size>
	<segmented>0</segmented>
	<object>
		<name>license</name>
		<pose>Unspecified</pose>
		<truncated>0</truncated>
		<difficult>0</difficult>
		<occluded>0</occluded>
		<bndbox>
			<xmin>128</xmin>
			<xmax>174</xmax>
			<ymin>137</ymin>
			<ymax>160</ymax>
		</bndbox>
		<polygon>
			<x1>172.735</x1>
			<y1>135.59</y1>
			<x2>126.83</x2>
			<y2>135.59</y2>
			<x3>126.565</x3>
			<y3>158.675</y3>
			<x4>172.47</x4>
			<y4>158.94</y4>
			<x5>172.735</x5>
			<y5>135.59</y5>
		</polygon>
	</object>
</annotation>
