<annotation>
	<folder></folder>
	<filename>31_jpg.rf.02560cdcb196c208b8c5dbe146b148d7.jpg</filename>
	<path>31_jpg.rf.02560cdcb196c208b8c5dbe146b148d7.jpg</path>
	<source>
		<database>roboflow.com</database>
	</source>
	<size>
		<width>320</width>
		<height>320</height>
		<depth>3</depth>
	</size>
	<segmented>0</segmented>
	<object>
		<name>license</name>
		<pose>Unspecified</pose>
		<truncated>0</truncated>
		<difficult>0</difficult>
		<occluded>0</occluded>
		<bndbox>
			<xmin>24</xmin>
			<xmax>280</xmax>
			<ymin>97</ymin>
			<ymax>231</ymax>
		</bndbox>
		<polygon>
			<x1>275.3125</x1>
			<y1>95.868258</y1>
			<x2>51.5625</x2>
			<y2>110.873725</y2>
			<x3>27.8125</x3>
			<y3>114.208272</y3>
			<x4>23.125</x4>
			<y4>118.793276</y4>
			<x5>25</x5>
			<y5>218.829719</y5>
			<x6>26.25</x6>
			<y6>226.332452</y6>
			<x7>30.3125</x7>
			<y7>230.083819</y7>
			<x8>265.3125</x8>
			<y8>201.74016</y8>
			<x9>271.5625</x9>
			<y9>200.072886</y9>
			<x10>274.375</x10>
			<y10>196.32152</y10>
			<x11>277.5</x11>
			<y11>169.645135</y11>
			<x12>278.75</x12>
			<y12>107.955995</y12>
			<x13>277.5</x13>
			<y13>97.952351</y13>
			<x14>275.3125</x14>
			<y14>95.868258</y14>
		</polygon>
	</object>
</annotation>
