<annotation>
	<folder></folder>
	<filename>31_jpg.rf.ddee0d0dea9e46d4806f19e1457d703d.jpg</filename>
	<path>31_jpg.rf.ddee0d0dea9e46d4806f19e1457d703d.jpg</path>
	<source>
		<database>roboflow.com</database>
	</source>
	<size>
		<width>320</width>
		<height>320</height>
		<depth>3</depth>
	</size>
	<segmented>0</segmented>
	<object>
		<name>license</name>
		<pose>Unspecified</pose>
		<truncated>0</truncated>
		<difficult>0</difficult>
		<occluded>0</occluded>
		<bndbox>
			<xmin>24</xmin>
			<xmax>280</xmax>
			<ymin>97</ymin>
			<ymax>231</ymax>
		</bndbox>
		<polygon>
			<x1>265.3125</x1>
			<y1>201.74016</y1>
			<x2>271.5625</x2>
			<y2>200.072886</y2>
			<x3>274.375</x3>
			<y3>196.32152</y3>
			<x4>277.5</x4>
			<y4>169.645135</y4>
			<x5>278.75</x5>
			<y5>107.955995</y5>
			<x6>277.5</x6>
			<y6>97.952351</y6>
			<x7>275.3125</x7>
			<y7>95.868258</y7>
			<x8>51.5625</x8>
			<y8>110.873725</y8>
			<x9>27.8125</x9>
			<y9>114.208272</y9>
			<x10>23.125</x10>
			<y10>118.793276</y10>
			<x11>25</x11>
			<y11>218.829719</y11>
			<x12>26.25</x12>
			<y12>226.332452</y12>
			<x13>30.3125</x13>
			<y13>230.083819</y13>
			<x14>265.3125</x14>
			<y14>201.74016</y14>
		</polygon>
	</object>
</annotation>
