<annotation>
	<folder></folder>
	<filename>31nyka5gwhca1_jpg.rf.1c143f2649dd83c91b93c5e2f65990d8.jpg</filename>
	<path>31nyka5gwhca1_jpg.rf.1c143f2649dd83c91b93c5e2f65990d8.jpg</path>
	<source>
		<database>roboflow.com</database>
	</source>
	<size>
		<width>320</width>
		<height>320</height>
		<depth>3</depth>
	</size>
	<segmented>0</segmented>
	<object>
		<name>license</name>
		<pose>Unspecified</pose>
		<truncated>0</truncated>
		<difficult>0</difficult>
		<occluded>0</occluded>
		<bndbox>
			<xmin>154</xmin>
			<xmax>216</xmax>
			<ymin>146</ymin>
			<ymax>188</ymax>
		</bndbox>
		<polygon>
			<x1>214.8</x1>
			<y1>150.182353</y1>
			<x2>155.26</x2>
			<y2>144.876471</y2>
			<x3>153.005</x3>
			<y3>181.488235</y3>
			<x4>211.645</x4>
			<y4>186.794118</y4>
			<x5>214.8</x5>
			<y5>150.182353</y5>
		</polygon>
	</object>
</annotation>
