<annotation>
	<folder></folder>
	<filename>31nyka5gwhca1_jpg.rf.a5079d9c27e28ba3bf64fce50282c5fa.jpg</filename>
	<path>31nyka5gwhca1_jpg.rf.a5079d9c27e28ba3bf64fce50282c5fa.jpg</path>
	<source>
		<database>roboflow.com</database>
	</source>
	<size>
		<width>320</width>
		<height>320</height>
		<depth>3</depth>
	</size>
	<segmented>0</segmented>
	<object>
		<name>license</name>
		<pose>Unspecified</pose>
		<truncated>0</truncated>
		<difficult>0</difficult>
		<occluded>0</occluded>
		<bndbox>
			<xmin>154</xmin>
			<xmax>216</xmax>
			<ymin>146</ymin>
			<ymax>188</ymax>
		</bndbox>
		<polygon>
			<x1>153.005</x1>
			<y1>181.488235</y1>
			<x2>211.645</x2>
			<y2>186.794118</y2>
			<x3>214.8</x3>
			<y3>150.182353</y3>
			<x4>155.26</x4>
			<y4>144.876471</y4>
			<x5>153.005</x5>
			<y5>181.488235</y5>
		</polygon>
	</object>
</annotation>
