<annotation>
	<folder></folder>
	<filename>3285a0aafe88486d_jpg.rf.5071da73ec3e86ed8c6676e7e37d30bb.jpg</filename>
	<path>3285a0aafe88486d_jpg.rf.5071da73ec3e86ed8c6676e7e37d30bb.jpg</path>
	<source>
		<database>roboflow.com</database>
	</source>
	<size>
		<width>320</width>
		<height>320</height>
		<depth>3</depth>
	</size>
	<segmented>0</segmented>
	<object>
		<name>license</name>
		<pose>Unspecified</pose>
		<truncated>0</truncated>
		<difficult>0</difficult>
		<occluded>0</occluded>
		<bndbox>
			<xmin>130</xmin>
			<xmax>203</xmax>
			<ymin>255</ymin>
			<ymax>316</ymax>
		</bndbox>
	</object>
</annotation>
