<annotation>
	<folder></folder>
	<filename>330ac77b36168d85_jpg.rf.5ca14d766792f6a5aa3d31be91bc9459.jpg</filename>
	<path>330ac77b36168d85_jpg.rf.5ca14d766792f6a5aa3d31be91bc9459.jpg</path>
	<source>
		<database>roboflow.com</database>
	</source>
	<size>
		<width>320</width>
		<height>320</height>
		<depth>3</depth>
	</size>
	<segmented>0</segmented>
	<object>
		<name>license</name>
		<pose>Unspecified</pose>
		<truncated>0</truncated>
		<difficult>0</difficult>
		<occluded>0</occluded>
		<bndbox>
			<xmin>84</xmin>
			<xmax>248</xmax>
			<ymin>121</ymin>
			<ymax>181</ymax>
		</bndbox>
	</object>
</annotation>
