<annotation>
	<folder></folder>
	<filename>33_jpg.rf.293f5b29e9f2d7470f8f4fb4bf7dc34d.jpg</filename>
	<path>33_jpg.rf.293f5b29e9f2d7470f8f4fb4bf7dc34d.jpg</path>
	<source>
		<database>roboflow.com</database>
	</source>
	<size>
		<width>320</width>
		<height>320</height>
		<depth>3</depth>
	</size>
	<segmented>0</segmented>
	<object>
		<name>license</name>
		<pose>Unspecified</pose>
		<truncated>0</truncated>
		<difficult>0</difficult>
		<occluded>0</occluded>
		<bndbox>
			<xmin>79</xmin>
			<xmax>264</xmax>
			<ymin>93</ymin>
			<ymax>216</ymax>
		</bndbox>
		<polygon>
			<x1>80</x1>
			<y1>191.319698</y1>
			<x2>81.5625</x2>
			<y2>193.40379</y2>
			<x3>252.1875</x3>
			<y3>215.078353</y3>
			<x4>257.8125</x4>
			<y4>215.078353</y4>
			<x5>260</x5>
			<y5>212.99426</y5>
			<x6>263.125</x6>
			<y6>172.979683</y6>
			<x7>263.125</x7>
			<y7>127.963283</y7>
			<x8>262.5</x8>
			<y8>112.957817</y8>
			<x9>260.9375</x9>
			<y9>110.040088</y9>
			<x10>217.8125</x10>
			<y10>104.204628</y10>
			<x11>80.3125</x11>
			<y11>91.700073</y11>
			<x12>77.5</x12>
			<y12>95.451439</y12>
			<x13>77.5</x13>
			<y13>113.791454</y13>
			<x14>78.75</x14>
			<y14>178.815142</y14>
			<x15>80</x15>
			<y15>191.319698</y15>
		</polygon>
	</object>
</annotation>
