<annotation>
	<folder></folder>
	<filename>33_jpg.rf.76b117644ec0f3f428bf2f5004b14f5e.jpg</filename>
	<path>33_jpg.rf.76b117644ec0f3f428bf2f5004b14f5e.jpg</path>
	<source>
		<database>roboflow.com</database>
	</source>
	<size>
		<width>320</width>
		<height>320</height>
		<depth>3</depth>
	</size>
	<segmented>0</segmented>
	<object>
		<name>license</name>
		<pose>Unspecified</pose>
		<truncated>0</truncated>
		<difficult>0</difficult>
		<occluded>0</occluded>
		<bndbox>
			<xmin>79</xmin>
			<xmax>264</xmax>
			<ymin>93</ymin>
			<ymax>216</ymax>
		</bndbox>
		<polygon>
			<x1>263.125</x1>
			<y1>127.963283</y1>
			<x2>262.5</x2>
			<y2>112.957817</y2>
			<x3>260.9375</x3>
			<y3>110.040088</y3>
			<x4>217.8125</x4>
			<y4>104.204628</y4>
			<x5>80.3125</x5>
			<y5>91.700073</y5>
			<x6>77.5</x6>
			<y6>95.451439</y6>
			<x7>77.5</x7>
			<y7>113.791454</y7>
			<x8>78.75</x8>
			<y8>178.815142</y8>
			<x9>80</x9>
			<y9>191.319698</y9>
			<x10>81.5625</x10>
			<y10>193.40379</y10>
			<x11>252.1875</x11>
			<y11>215.078353</y11>
			<x12>257.8125</x12>
			<y12>215.078353</y12>
			<x13>260</x13>
			<y13>212.99426</y13>
			<x14>263.125</x14>
			<y14>172.979683</y14>
			<x15>263.125</x15>
			<y15>127.963283</y15>
		</polygon>
	</object>
</annotation>
