<annotation>
	<folder></folder>
	<filename>34l5ua6ptufa1_jpg.rf.61dd0d5ff34d63efd96fd2d140e878b1.jpg</filename>
	<path>34l5ua6ptufa1_jpg.rf.61dd0d5ff34d63efd96fd2d140e878b1.jpg</path>
	<source>
		<database>roboflow.com</database>
	</source>
	<size>
		<width>320</width>
		<height>320</height>
		<depth>3</depth>
	</size>
	<segmented>0</segmented>
	<object>
		<name>license</name>
		<pose>Unspecified</pose>
		<truncated>0</truncated>
		<difficult>0</difficult>
		<occluded>0</occluded>
		<bndbox>
			<xmin>134</xmin>
			<xmax>193</xmax>
			<ymin>100</ymin>
			<ymax>143</ymax>
		</bndbox>
		<polygon>
			<x1>133.135</x1>
			<y1>141.693333</y1>
			<x2>190.845</x2>
			<y2>139.566667</y2>
			<x3>191.64</x3>
			<y3>100.033333</y3>
			<x4>132.935</x4>
			<y4>99.24</y4>
			<x5>133.135</x5>
			<y5>141.693333</y5>
		</polygon>
	</object>
</annotation>
