<annotation>
	<folder></folder>
	<filename>34l5ua6ptufa1_jpg.rf.8607aa862a8a15bda56b38ab10803e96.jpg</filename>
	<path>34l5ua6ptufa1_jpg.rf.8607aa862a8a15bda56b38ab10803e96.jpg</path>
	<source>
		<database>roboflow.com</database>
	</source>
	<size>
		<width>320</width>
		<height>320</height>
		<depth>3</depth>
	</size>
	<segmented>0</segmented>
	<object>
		<name>license</name>
		<pose>Unspecified</pose>
		<truncated>0</truncated>
		<difficult>0</difficult>
		<occluded>0</occluded>
		<bndbox>
			<xmin>134</xmin>
			<xmax>193</xmax>
			<ymin>100</ymin>
			<ymax>143</ymax>
		</bndbox>
		<polygon>
			<x1>191.64</x1>
			<y1>100.033333</y1>
			<x2>132.935</x2>
			<y2>99.24</y2>
			<x3>133.135</x3>
			<y3>141.693333</y3>
			<x4>190.845</x4>
			<y4>139.566667</y4>
			<x5>191.64</x5>
			<y5>100.033333</y5>
		</polygon>
	</object>
</annotation>
