<annotation>
	<folder></folder>
	<filename>3550e069f8d95ddf_jpg.rf.8bc9aacdf14014886f5963c572a17de3.jpg</filename>
	<path>3550e069f8d95ddf_jpg.rf.8bc9aacdf14014886f5963c572a17de3.jpg</path>
	<source>
		<database>roboflow.com</database>
	</source>
	<size>
		<width>320</width>
		<height>320</height>
		<depth>3</depth>
	</size>
	<segmented>0</segmented>
	<object>
		<name>license</name>
		<pose>Unspecified</pose>
		<truncated>0</truncated>
		<difficult>0</difficult>
		<occluded>0</occluded>
		<bndbox>
			<xmin>1</xmin>
			<xmax>303</xmax>
			<ymin>222</ymin>
			<ymax>296</ymax>
		</bndbox>
	</object>
</annotation>
