<annotation>
	<folder></folder>
	<filename>367b83bb7e3714c7_jpg.rf.00e512cea19a7475e331aaa0b27a25fa.jpg</filename>
	<path>367b83bb7e3714c7_jpg.rf.00e512cea19a7475e331aaa0b27a25fa.jpg</path>
	<source>
		<database>roboflow.com</database>
	</source>
	<size>
		<width>320</width>
		<height>320</height>
		<depth>3</depth>
	</size>
	<segmented>0</segmented>
	<object>
		<name>license</name>
		<pose>Unspecified</pose>
		<truncated>0</truncated>
		<difficult>0</difficult>
		<occluded>0</occluded>
		<bndbox>
			<xmin>151</xmin>
			<xmax>227</xmax>
			<ymin>208</ymin>
			<ymax>231</ymax>
		</bndbox>
	</object>
</annotation>
