<annotation>
	<folder></folder>
	<filename>36_jpg.rf.05ac9ad2ce7b20091af664b2b65eeb6a.jpg</filename>
	<path>36_jpg.rf.05ac9ad2ce7b20091af664b2b65eeb6a.jpg</path>
	<source>
		<database>roboflow.com</database>
	</source>
	<size>
		<width>320</width>
		<height>320</height>
		<depth>3</depth>
	</size>
	<segmented>0</segmented>
	<object>
		<name>license</name>
		<pose>Unspecified</pose>
		<truncated>0</truncated>
		<difficult>0</difficult>
		<occluded>0</occluded>
		<bndbox>
			<xmin>64</xmin>
			<xmax>220</xmax>
			<ymin>106</ymin>
			<ymax>219</ymax>
		</bndbox>
		<polygon>
			<x1>214.6875</x1>
			<y1>197.571975</y1>
			<x2>218.75</x2>
			<y2>193.820609</y2>
			<x3>219.375</x3>
			<y3>110.456906</y3>
			<x4>215.9375</x4>
			<y4>105.038265</y4>
			<x5>67.1875</x5>
			<y5>121.711006</y5>
			<x6>63.125</x6>
			<y6>126.296009</y6>
			<x7>62.5</x7>
			<y7>208.826075</y7>
			<x8>65.9375</x8>
			<y8>217.579264</y8>
			<x9>71.5625</x9>
			<y9>218.412901</y9>
			<x10>214.6875</x10>
			<y10>197.571975</y10>
		</polygon>
	</object>
</annotation>
