<annotation>
	<folder></folder>
	<filename>36_jpg.rf.8e301a92e2cd58ce7a9adaa229050cae.jpg</filename>
	<path>36_jpg.rf.8e301a92e2cd58ce7a9adaa229050cae.jpg</path>
	<source>
		<database>roboflow.com</database>
	</source>
	<size>
		<width>320</width>
		<height>320</height>
		<depth>3</depth>
	</size>
	<segmented>0</segmented>
	<object>
		<name>license</name>
		<pose>Unspecified</pose>
		<truncated>0</truncated>
		<difficult>0</difficult>
		<occluded>0</occluded>
		<bndbox>
			<xmin>64</xmin>
			<xmax>220</xmax>
			<ymin>106</ymin>
			<ymax>219</ymax>
		</bndbox>
		<polygon>
			<x1>62.5</x1>
			<y1>208.826075</y1>
			<x2>65.9375</x2>
			<y2>217.579264</y2>
			<x3>71.5625</x3>
			<y3>218.412901</y3>
			<x4>214.6875</x4>
			<y4>197.571975</y4>
			<x5>218.75</x5>
			<y5>193.820609</y5>
			<x6>219.375</x6>
			<y6>110.456906</y6>
			<x7>215.9375</x7>
			<y7>105.038265</y7>
			<x8>67.1875</x8>
			<y8>121.711006</y8>
			<x9>63.125</x9>
			<y9>126.296009</y9>
			<x10>62.5</x10>
			<y10>208.826075</y10>
		</polygon>
	</object>
</annotation>
