<annotation>
	<folder></folder>
	<filename>36auaeejilka1_jpg.rf.c4c9b2047d042bc0f7afb2c1b2cb6289.jpg</filename>
	<path>36auaeejilka1_jpg.rf.c4c9b2047d042bc0f7afb2c1b2cb6289.jpg</path>
	<source>
		<database>roboflow.com</database>
	</source>
	<size>
		<width>320</width>
		<height>320</height>
		<depth>3</depth>
	</size>
	<segmented>0</segmented>
	<object>
		<name>license</name>
		<pose>Unspecified</pose>
		<truncated>0</truncated>
		<difficult>0</difficult>
		<occluded>0</occluded>
		<bndbox>
			<xmin>146</xmin>
			<xmax>192</xmax>
			<ymin>151</ymin>
			<ymax>177</ymax>
		</bndbox>
		<polygon>
			<x1>145.435</x1>
			<y1>175.922222</y1>
			<x2>190.805</x2>
			<y2>175.122222</y2>
			<x3>190.565</x3>
			<y3>150.183333</y3>
			<x4>144.955</x4>
			<y4>150.183333</y4>
			<x5>145.435</x5>
			<y5>175.922222</y5>
		</polygon>
	</object>
</annotation>
