<annotation>
	<folder></folder>
	<filename>36auaeejilka1_jpg.rf.e5656cd75c4ebb8a10a6d94e9e487ee3.jpg</filename>
	<path>36auaeejilka1_jpg.rf.e5656cd75c4ebb8a10a6d94e9e487ee3.jpg</path>
	<source>
		<database>roboflow.com</database>
	</source>
	<size>
		<width>320</width>
		<height>320</height>
		<depth>3</depth>
	</size>
	<segmented>0</segmented>
	<object>
		<name>license</name>
		<pose>Unspecified</pose>
		<truncated>0</truncated>
		<difficult>0</difficult>
		<occluded>0</occluded>
		<bndbox>
			<xmin>146</xmin>
			<xmax>192</xmax>
			<ymin>151</ymin>
			<ymax>177</ymax>
		</bndbox>
		<polygon>
			<x1>190.565</x1>
			<y1>150.183333</y1>
			<x2>144.955</x2>
			<y2>150.183333</y2>
			<x3>145.435</x3>
			<y3>175.922222</y3>
			<x4>190.805</x4>
			<y4>175.122222</y4>
			<x5>190.565</x5>
			<y5>150.183333</y5>
		</polygon>
	</object>
</annotation>
