<annotation>
	<folder></folder>
	<filename>36d2aeae54648117_jpg.rf.3f45ddc293db5bb9e20d134c99efe4b9.jpg</filename>
	<path>36d2aeae54648117_jpg.rf.3f45ddc293db5bb9e20d134c99efe4b9.jpg</path>
	<source>
		<database>roboflow.com</database>
	</source>
	<size>
		<width>320</width>
		<height>320</height>
		<depth>3</depth>
	</size>
	<segmented>0</segmented>
	<object>
		<name>license</name>
		<pose>Unspecified</pose>
		<truncated>0</truncated>
		<difficult>0</difficult>
		<occluded>0</occluded>
		<bndbox>
			<xmin>9</xmin>
			<xmax>31</xmax>
			<ymin>136</ymin>
			<ymax>149</ymax>
		</bndbox>
	</object>
	<object>
		<name>license</name>
		<pose>Unspecified</pose>
		<truncated>0</truncated>
		<difficult>0</difficult>
		<occluded>0</occluded>
		<bndbox>
			<xmin>226</xmin>
			<xmax>267</xmax>
			<ymin>198</ymin>
			<ymax>222</ymax>
		</bndbox>
	</object>
</annotation>
