<annotation>
	<folder></folder>
	<filename>36e1293915bb2033_jpg.rf.86495128e2cd101f2cf4e072df9f9d87.jpg</filename>
	<path>36e1293915bb2033_jpg.rf.86495128e2cd101f2cf4e072df9f9d87.jpg</path>
	<source>
		<database>roboflow.com</database>
	</source>
	<size>
		<width>320</width>
		<height>320</height>
		<depth>3</depth>
	</size>
	<segmented>0</segmented>
	<object>
		<name>license</name>
		<pose>Unspecified</pose>
		<truncated>0</truncated>
		<difficult>0</difficult>
		<occluded>0</occluded>
		<bndbox>
			<xmin>43</xmin>
			<xmax>292</xmax>
			<ymin>50</ymin>
			<ymax>237</ymax>
		</bndbox>
	</object>
</annotation>
