<annotation>
	<folder></folder>
	<filename>3724b94349872972_jpg.rf.29fef6906139e36067a4ca53d81fb4f1.jpg</filename>
	<path>3724b94349872972_jpg.rf.29fef6906139e36067a4ca53d81fb4f1.jpg</path>
	<source>
		<database>roboflow.com</database>
	</source>
	<size>
		<width>320</width>
		<height>320</height>
		<depth>3</depth>
	</size>
	<segmented>0</segmented>
	<object>
		<name>license</name>
		<pose>Unspecified</pose>
		<truncated>0</truncated>
		<difficult>0</difficult>
		<occluded>0</occluded>
		<bndbox>
			<xmin>98</xmin>
			<xmax>219</xmax>
			<ymin>104</ymin>
			<ymax>216</ymax>
		</bndbox>
	</object>
</annotation>
