<annotation>
	<folder></folder>
	<filename>37_jpg.rf.c1c24e09c86452bd88b05995067114f6.jpg</filename>
	<path>37_jpg.rf.c1c24e09c86452bd88b05995067114f6.jpg</path>
	<source>
		<database>roboflow.com</database>
	</source>
	<size>
		<width>320</width>
		<height>320</height>
		<depth>3</depth>
	</size>
	<segmented>0</segmented>
	<object>
		<name>license</name>
		<pose>Unspecified</pose>
		<truncated>0</truncated>
		<difficult>0</difficult>
		<occluded>0</occluded>
		<bndbox>
			<xmin>55</xmin>
			<xmax>209</xmax>
			<ymin>40</ymin>
			<ymax>123</ymax>
		</bndbox>
		<polygon>
			<x1>55</x1>
			<y1>44.599581</y1>
			<x2>53.75</x2>
			<y2>51.268677</y2>
			<x3>54.375</x3>
			<y3>118.793276</y3>
			<x4>57.8125</x4>
			<y4>121.711006</y4>
			<x5>202.8125</x5>
			<y5>115.875547</y5>
			<x6>207.5</x6>
			<y6>111.290543</y6>
			<x7>206.875</x7>
			<y7>40.431396</y7>
			<x8>205.3125</x8>
			<y8>39.18094</y8>
			<x9>75.9375</x9>
			<y9>40.014577</y9>
			<x10>61.5625</x10>
			<y10>40.848214</y10>
			<x11>55</x11>
			<y11>44.599581</y11>
		</polygon>
	</object>
</annotation>
