<annotation>
	<folder></folder>
	<filename>37_jpg.rf.cd6926d4918ed2118bcf91aadae7c3ca.jpg</filename>
	<path>37_jpg.rf.cd6926d4918ed2118bcf91aadae7c3ca.jpg</path>
	<source>
		<database>roboflow.com</database>
	</source>
	<size>
		<width>320</width>
		<height>320</height>
		<depth>3</depth>
	</size>
	<segmented>0</segmented>
	<object>
		<name>license</name>
		<pose>Unspecified</pose>
		<truncated>0</truncated>
		<difficult>0</difficult>
		<occluded>0</occluded>
		<bndbox>
			<xmin>55</xmin>
			<xmax>209</xmax>
			<ymin>40</ymin>
			<ymax>123</ymax>
		</bndbox>
		<polygon>
			<x1>202.8125</x1>
			<y1>115.875547</y1>
			<x2>207.5</x2>
			<y2>111.290543</y2>
			<x3>206.875</x3>
			<y3>40.431396</y3>
			<x4>205.3125</x4>
			<y4>39.18094</y4>
			<x5>75.9375</x5>
			<y5>40.014577</y5>
			<x6>61.5625</x6>
			<y6>40.848214</y6>
			<x7>55</x7>
			<y7>44.599581</y7>
			<x8>53.75</x8>
			<y8>51.268677</y8>
			<x9>54.375</x9>
			<y9>118.793276</y9>
			<x10>57.8125</x10>
			<y10>121.711006</y10>
			<x11>202.8125</x11>
			<y11>115.875547</y11>
		</polygon>
	</object>
</annotation>
