<annotation>
	<folder></folder>
	<filename>37fd0f0a590e197f_jpg.rf.401841d3c1c8aa1fb54357a20b03ee33.jpg</filename>
	<path>37fd0f0a590e197f_jpg.rf.401841d3c1c8aa1fb54357a20b03ee33.jpg</path>
	<source>
		<database>roboflow.com</database>
	</source>
	<size>
		<width>320</width>
		<height>320</height>
		<depth>3</depth>
	</size>
	<segmented>0</segmented>
	<object>
		<name>license</name>
		<pose>Unspecified</pose>
		<truncated>0</truncated>
		<difficult>0</difficult>
		<occluded>0</occluded>
		<bndbox>
			<xmin>60</xmin>
			<xmax>265</xmax>
			<ymin>87</ymin>
			<ymax>238</ymax>
		</bndbox>
	</object>
</annotation>
