<annotation>
	<folder></folder>
	<filename>3831e7027912e1e2_jpg.rf.2bd92db2a321f7f718307177c670b081.jpg</filename>
	<path>3831e7027912e1e2_jpg.rf.2bd92db2a321f7f718307177c670b081.jpg</path>
	<source>
		<database>roboflow.com</database>
	</source>
	<size>
		<width>320</width>
		<height>320</height>
		<depth>3</depth>
	</size>
	<segmented>0</segmented>
	<object>
		<name>license</name>
		<pose>Unspecified</pose>
		<truncated>0</truncated>
		<difficult>0</difficult>
		<occluded>0</occluded>
		<bndbox>
			<xmin>90</xmin>
			<xmax>258</xmax>
			<ymin>104</ymin>
			<ymax>215</ymax>
		</bndbox>
	</object>
</annotation>
