<annotation>
	<folder></folder>
	<filename>38_jpg.rf.5e84e32b0482534f44a97b532bfae545.jpg</filename>
	<path>38_jpg.rf.5e84e32b0482534f44a97b532bfae545.jpg</path>
	<source>
		<database>roboflow.com</database>
	</source>
	<size>
		<width>320</width>
		<height>320</height>
		<depth>3</depth>
	</size>
	<segmented>0</segmented>
	<object>
		<name>license</name>
		<pose>Unspecified</pose>
		<truncated>0</truncated>
		<difficult>0</difficult>
		<occluded>0</occluded>
		<bndbox>
			<xmin>53</xmin>
			<xmax>215</xmax>
			<ymin>96</ymin>
			<ymax>213</ymax>
		</bndbox>
		<polygon>
			<x1>200.3125</x1>
			<y1>196.738338</y1>
			<x2>211.5625</x2>
			<y2>195.071064</y2>
			<x3>213.75</x3>
			<y3>192.153335</y3>
			<x4>208.125</x4>
			<y4>97.118713</y4>
			<x5>206.5625</x5>
			<y5>95.034621</y5>
			<x6>57.8125</x6>
			<y6>108.372814</y6>
			<x7>52.5</x7>
			<y7>110.456906</y7>
			<x8>51.875</x8>
			<y8>135.466017</y8>
			<x9>53.75</x9>
			<y9>178.815142</y9>
			<x10>57.1875</x10>
			<y10>211.743805</y10>
			<x11>200.3125</x11>
			<y11>196.738338</y11>
		</polygon>
	</object>
</annotation>
