<annotation>
	<folder></folder>
	<filename>38_jpg.rf.b2cd143e694f774dc12e77a45d0c9653.jpg</filename>
	<path>38_jpg.rf.b2cd143e694f774dc12e77a45d0c9653.jpg</path>
	<source>
		<database>roboflow.com</database>
	</source>
	<size>
		<width>320</width>
		<height>320</height>
		<depth>3</depth>
	</size>
	<segmented>0</segmented>
	<object>
		<name>license</name>
		<pose>Unspecified</pose>
		<truncated>0</truncated>
		<difficult>0</difficult>
		<occluded>0</occluded>
		<bndbox>
			<xmin>53</xmin>
			<xmax>215</xmax>
			<ymin>96</ymin>
			<ymax>213</ymax>
		</bndbox>
		<polygon>
			<x1>52.5</x1>
			<y1>110.456906</y1>
			<x2>51.875</x2>
			<y2>135.466017</y2>
			<x3>53.75</x3>
			<y3>178.815142</y3>
			<x4>57.1875</x4>
			<y4>211.743805</y4>
			<x5>200.3125</x5>
			<y5>196.738338</y5>
			<x6>211.5625</x6>
			<y6>195.071064</y6>
			<x7>213.75</x7>
			<y7>192.153335</y7>
			<x8>208.125</x8>
			<y8>97.118713</y8>
			<x9>206.5625</x9>
			<y9>95.034621</y9>
			<x10>57.8125</x10>
			<y10>108.372814</y10>
			<x11>52.5</x11>
			<y11>110.456906</y11>
		</polygon>
	</object>
</annotation>
