<annotation>
	<folder></folder>
	<filename>39_jpg.rf.55a1deacdfea27d9dcd612860f3edc2a.jpg</filename>
	<path>39_jpg.rf.55a1deacdfea27d9dcd612860f3edc2a.jpg</path>
	<source>
		<database>roboflow.com</database>
	</source>
	<size>
		<width>320</width>
		<height>320</height>
		<depth>3</depth>
	</size>
	<segmented>0</segmented>
	<object>
		<name>license</name>
		<pose>Unspecified</pose>
		<truncated>0</truncated>
		<difficult>0</difficult>
		<occluded>0</occluded>
		<bndbox>
			<xmin>121</xmin>
			<xmax>202</xmax>
			<ymin>153</ymin>
			<ymax>189</ymax>
		</bndbox>
		<polygon>
			<x1>201.25</x1>
			<y1>185.281523</y1>
			<x2>200.3125</x2>
			<y2>151.556123</y2>
			<x3>120.625</x3>
			<y3>152.805211</y3>
			<x4>120</x4>
			<y4>181.95062</y4>
			<x5>122.1875</x5>
			<y5>188.196064</y5>
			<x6>199.0625</x6>
			<y6>187.363338</y6>
			<x7>201.25</x7>
			<y7>185.281523</y7>
		</polygon>
	</object>
</annotation>
