<annotation>
	<folder></folder>
	<filename>3_jpg.rf.d10c7260ded40889f437626363a2ccb2.jpg</filename>
	<path>3_jpg.rf.d10c7260ded40889f437626363a2ccb2.jpg</path>
	<source>
		<database>roboflow.com</database>
	</source>
	<size>
		<width>320</width>
		<height>320</height>
		<depth>3</depth>
	</size>
	<segmented>0</segmented>
	<object>
		<name>license</name>
		<pose>Unspecified</pose>
		<truncated>0</truncated>
		<difficult>0</difficult>
		<occluded>0</occluded>
		<bndbox>
			<xmin>143</xmin>
			<xmax>213</xmax>
			<ymin>133</ymin>
			<ymax>166</ymax>
		</bndbox>
		<polygon>
			<x1>211.875</x1>
			<y1>161.308765</y1>
			<x2>211.25</x2>
			<y2>132.965106</y2>
			<x3>209.6875</x3>
			<y3>131.71465</y3>
			<x4>142.8125</x4>
			<y4>133.381924</y4>
			<x5>141.875</x5>
			<y5>162.142401</y5>
			<x6>143.4375</x6>
			<y6>165.060131</y6>
			<x7>210.3125</x7>
			<y7>164.226494</y7>
			<x8>211.875</x8>
			<y8>161.308765</y8>
		</polygon>
	</object>
</annotation>
