<annotation>
	<folder></folder>
	<filename>3_jpg.rf.6c526187b09517a4413149b88f405b6c.jpg</filename>
	<path>3_jpg.rf.6c526187b09517a4413149b88f405b6c.jpg</path>
	<source>
		<database>roboflow.com</database>
	</source>
	<size>
		<width>320</width>
		<height>320</height>
		<depth>3</depth>
	</size>
	<segmented>0</segmented>
	<object>
		<name>license</name>
		<pose>Unspecified</pose>
		<truncated>0</truncated>
		<difficult>0</difficult>
		<occluded>0</occluded>
		<bndbox>
			<xmin>143</xmin>
			<xmax>213</xmax>
			<ymin>133</ymin>
			<ymax>166</ymax>
		</bndbox>
		<polygon>
			<x1>210.3125</x1>
			<y1>164.226494</y1>
			<x2>211.875</x2>
			<y2>161.308765</y2>
			<x3>211.25</x3>
			<y3>132.965106</y3>
			<x4>209.6875</x4>
			<y4>131.71465</y4>
			<x5>142.8125</x5>
			<y5>133.381924</y5>
			<x6>141.875</x6>
			<y6>162.142401</y6>
			<x7>143.4375</x7>
			<y7>165.060131</y7>
			<x8>210.3125</x8>
			<y8>164.226494</y8>
		</polygon>
	</object>
</annotation>
