<annotation>
	<folder></folder>
	<filename>3a29044f148a3f95_jpg.rf.46f95b9ad072ffa5a7e6d94ee5497928.jpg</filename>
	<path>3a29044f148a3f95_jpg.rf.46f95b9ad072ffa5a7e6d94ee5497928.jpg</path>
	<source>
		<database>roboflow.com</database>
	</source>
	<size>
		<width>320</width>
		<height>320</height>
		<depth>3</depth>
	</size>
	<segmented>0</segmented>
	<object>
		<name>license</name>
		<pose>Unspecified</pose>
		<truncated>0</truncated>
		<difficult>0</difficult>
		<occluded>0</occluded>
		<bndbox>
			<xmin>26</xmin>
			<xmax>120</xmax>
			<ymin>169</ymin>
			<ymax>221</ymax>
		</bndbox>
	</object>
</annotation>
