<annotation>
	<folder></folder>
	<filename>3abo4pwl8ana1_jpg.rf.86365348defbb879a5f278822b40e03c.jpg</filename>
	<path>3abo4pwl8ana1_jpg.rf.86365348defbb879a5f278822b40e03c.jpg</path>
	<source>
		<database>roboflow.com</database>
	</source>
	<size>
		<width>320</width>
		<height>320</height>
		<depth>3</depth>
	</size>
	<segmented>0</segmented>
	<object>
		<name>license</name>
		<pose>Unspecified</pose>
		<truncated>0</truncated>
		<difficult>0</difficult>
		<occluded>0</occluded>
		<bndbox>
			<xmin>102</xmin>
			<xmax>136</xmax>
			<ymin>137</ymin>
			<ymax>160</ymax>
		</bndbox>
		<polygon>
			<x1>134.76</x1>
			<y1>136.645726</y1>
			<x2>103.895</x2>
			<y2>135.850497</y2>
			<x3>101.39</x3>
			<y3>158.142346</y3>
			<x4>133.09</x4>
			<y4>159.465606</y4>
			<x5>134.76</x5>
			<y5>136.645726</y5>
		</polygon>
	</object>
</annotation>
