<annotation>
	<folder></folder>
	<filename>3abo4pwl8ana1_jpg.rf.9e4212669bd7862072ff7960704d5988.jpg</filename>
	<path>3abo4pwl8ana1_jpg.rf.9e4212669bd7862072ff7960704d5988.jpg</path>
	<source>
		<database>roboflow.com</database>
	</source>
	<size>
		<width>320</width>
		<height>320</height>
		<depth>3</depth>
	</size>
	<segmented>0</segmented>
	<object>
		<name>license</name>
		<pose>Unspecified</pose>
		<truncated>0</truncated>
		<difficult>0</difficult>
		<occluded>0</occluded>
		<bndbox>
			<xmin>102</xmin>
			<xmax>136</xmax>
			<ymin>137</ymin>
			<ymax>160</ymax>
		</bndbox>
		<polygon>
			<x1>101.39</x1>
			<y1>158.142346</y1>
			<x2>133.09</x2>
			<y2>159.465606</y2>
			<x3>134.76</x3>
			<y3>136.645726</y3>
			<x4>103.895</x4>
			<y4>135.850497</y4>
			<x5>101.39</x5>
			<y5>158.142346</y5>
		</polygon>
	</object>
</annotation>
