<annotation>
	<folder></folder>
	<filename>3ajnb28ju8ha1_jpg.rf.243f566ced9fca527e838312b697c014.jpg</filename>
	<path>3ajnb28ju8ha1_jpg.rf.243f566ced9fca527e838312b697c014.jpg</path>
	<source>
		<database>roboflow.com</database>
	</source>
	<size>
		<width>320</width>
		<height>320</height>
		<depth>3</depth>
	</size>
	<segmented>0</segmented>
	<object>
		<name>license</name>
		<pose>Unspecified</pose>
		<truncated>0</truncated>
		<difficult>0</difficult>
		<occluded>0</occluded>
		<bndbox>
			<xmin>150</xmin>
			<xmax>226</xmax>
			<ymin>174</ymin>
			<ymax>212</ymax>
		</bndbox>
		<polygon>
			<x1>225.275</x1>
			<y1>173</y1>
			<x2>149.385</x2>
			<y2>175.655</y2>
			<x3>148.59</x3>
			<y3>211.21</y3>
			<x4>222.885</x4>
			<y4>207.76</y4>
			<x5>225.275</x5>
			<y5>173</y5>
		</polygon>
	</object>
</annotation>
