<annotation>
	<folder></folder>
	<filename>3ajnb28ju8ha1_jpg.rf.c9612f354fbc9316627fff9a614079b7.jpg</filename>
	<path>3ajnb28ju8ha1_jpg.rf.c9612f354fbc9316627fff9a614079b7.jpg</path>
	<source>
		<database>roboflow.com</database>
	</source>
	<size>
		<width>320</width>
		<height>320</height>
		<depth>3</depth>
	</size>
	<segmented>0</segmented>
	<object>
		<name>license</name>
		<pose>Unspecified</pose>
		<truncated>0</truncated>
		<difficult>0</difficult>
		<occluded>0</occluded>
		<bndbox>
			<xmin>150</xmin>
			<xmax>226</xmax>
			<ymin>174</ymin>
			<ymax>212</ymax>
		</bndbox>
		<polygon>
			<x1>148.59</x1>
			<y1>211.21</y1>
			<x2>222.885</x2>
			<y2>207.76</y2>
			<x3>225.275</x3>
			<y3>173</y3>
			<x4>149.385</x4>
			<y4>175.655</y4>
			<x5>148.59</x5>
			<y5>211.21</y5>
		</polygon>
	</object>
</annotation>
