<annotation>
	<folder></folder>
	<filename>3b5v88mliyca1_jpg.rf.9597ab285664fc93756c6dd524bfc30c.jpg</filename>
	<path>3b5v88mliyca1_jpg.rf.9597ab285664fc93756c6dd524bfc30c.jpg</path>
	<source>
		<database>roboflow.com</database>
	</source>
	<size>
		<width>320</width>
		<height>320</height>
		<depth>3</depth>
	</size>
	<segmented>0</segmented>
	<object>
		<name>license</name>
		<pose>Unspecified</pose>
		<truncated>0</truncated>
		<difficult>0</difficult>
		<occluded>0</occluded>
		<bndbox>
			<xmin>168</xmin>
			<xmax>204</xmax>
			<ymin>146</ymin>
			<ymax>170</ymax>
		</bndbox>
		<polygon>
			<x1>203.185</x1>
			<y1>144.873333</y1>
			<x2>166.565</x2>
			<y2>144.873333</y2>
			<x3>166.965</x3>
			<y3>169.286667</y3>
			<x4>203.385</x4>
			<y4>169.286667</y4>
			<x5>203.185</x5>
			<y5>144.873333</y5>
		</polygon>
	</object>
</annotation>
