<annotation>
	<folder></folder>
	<filename>3b5v88mliyca1_jpg.rf.5b9ab98c402da21217ddada886497b2c.jpg</filename>
	<path>3b5v88mliyca1_jpg.rf.5b9ab98c402da21217ddada886497b2c.jpg</path>
	<source>
		<database>roboflow.com</database>
	</source>
	<size>
		<width>320</width>
		<height>320</height>
		<depth>3</depth>
	</size>
	<segmented>0</segmented>
	<object>
		<name>license</name>
		<pose>Unspecified</pose>
		<truncated>0</truncated>
		<difficult>0</difficult>
		<occluded>0</occluded>
		<bndbox>
			<xmin>168</xmin>
			<xmax>204</xmax>
			<ymin>146</ymin>
			<ymax>170</ymax>
		</bndbox>
		<polygon>
			<x1>166.965</x1>
			<y1>169.286667</y1>
			<x2>203.385</x2>
			<y2>169.286667</y2>
			<x3>203.185</x3>
			<y3>144.873333</y3>
			<x4>166.565</x4>
			<y4>144.873333</y4>
			<x5>166.965</x5>
			<y5>169.286667</y5>
		</polygon>
	</object>
</annotation>
