<annotation>
	<folder></folder>
	<filename>3bbovepfz2la1_jpg.rf.b02ca2afccf655b43e047df6ef26a1d3.jpg</filename>
	<path>3bbovepfz2la1_jpg.rf.b02ca2afccf655b43e047df6ef26a1d3.jpg</path>
	<source>
		<database>roboflow.com</database>
	</source>
	<size>
		<width>320</width>
		<height>320</height>
		<depth>3</depth>
	</size>
	<segmented>0</segmented>
	<object>
		<name>license</name>
		<pose>Unspecified</pose>
		<truncated>0</truncated>
		<difficult>0</difficult>
		<occluded>0</occluded>
		<bndbox>
			<xmin>175</xmin>
			<xmax>214</xmax>
			<ymin>100</ymin>
			<ymax>121</ymax>
		</bndbox>
		<polygon>
			<x1>175.655</x1>
			<y1>120.465</y1>
			<x2>212.8</x2>
			<y2>118.34</y2>
			<x3>210.68</x3>
			<y3>98.97</y3>
			<x4>173.8</x4>
			<y4>101.89</y4>
			<x5>175.655</x5>
			<y5>120.465</y5>
		</polygon>
	</object>
</annotation>
