<annotation>
	<folder></folder>
	<filename>3bbovepfz2la1_jpg.rf.43e5927824709dd2081a52daa12846bd.jpg</filename>
	<path>3bbovepfz2la1_jpg.rf.43e5927824709dd2081a52daa12846bd.jpg</path>
	<source>
		<database>roboflow.com</database>
	</source>
	<size>
		<width>320</width>
		<height>320</height>
		<depth>3</depth>
	</size>
	<segmented>0</segmented>
	<object>
		<name>license</name>
		<pose>Unspecified</pose>
		<truncated>0</truncated>
		<difficult>0</difficult>
		<occluded>0</occluded>
		<bndbox>
			<xmin>175</xmin>
			<xmax>214</xmax>
			<ymin>100</ymin>
			<ymax>121</ymax>
		</bndbox>
		<polygon>
			<x1>210.68</x1>
			<y1>98.97</y1>
			<x2>173.8</x2>
			<y2>101.89</y2>
			<x3>175.655</x3>
			<y3>120.465</y3>
			<x4>212.8</x4>
			<y4>118.34</y4>
			<x5>210.68</x5>
			<y5>98.97</y5>
		</polygon>
	</object>
</annotation>
