<annotation>
	<folder></folder>
	<filename>3entwsw4t7la1_jpg.rf.03ba4eb2d80d7bbeb4fd87674210656c.jpg</filename>
	<path>3entwsw4t7la1_jpg.rf.03ba4eb2d80d7bbeb4fd87674210656c.jpg</path>
	<source>
		<database>roboflow.com</database>
	</source>
	<size>
		<width>320</width>
		<height>320</height>
		<depth>3</depth>
	</size>
	<segmented>0</segmented>
	<object>
		<name>license</name>
		<pose>Unspecified</pose>
		<truncated>0</truncated>
		<difficult>0</difficult>
		<occluded>0</occluded>
		<bndbox>
			<xmin>111</xmin>
			<xmax>218</xmax>
			<ymin>136</ymin>
			<ymax>189</ymax>
		</bndbox>
		<polygon>
			<x1>215.375</x1>
			<y1>135.060388</y1>
			<x2>110.01</x2>
			<y2>136.917452</y2>
			<x3>110.905</x3>
			<y3>188.126316</y3>
			<x4>216.57</x4>
			<y4>184.14626</y4>
			<x5>215.375</x5>
			<y5>135.060388</y5>
		</polygon>
	</object>
</annotation>
