<annotation>
	<folder></folder>
	<filename>3entwsw4t7la1_jpg.rf.ad18fc14dd54bb15d02bef355ce40f85.jpg</filename>
	<path>3entwsw4t7la1_jpg.rf.ad18fc14dd54bb15d02bef355ce40f85.jpg</path>
	<source>
		<database>roboflow.com</database>
	</source>
	<size>
		<width>320</width>
		<height>320</height>
		<depth>3</depth>
	</size>
	<segmented>0</segmented>
	<object>
		<name>license</name>
		<pose>Unspecified</pose>
		<truncated>0</truncated>
		<difficult>0</difficult>
		<occluded>0</occluded>
		<bndbox>
			<xmin>111</xmin>
			<xmax>218</xmax>
			<ymin>136</ymin>
			<ymax>189</ymax>
		</bndbox>
		<polygon>
			<x1>110.905</x1>
			<y1>188.126316</y1>
			<x2>216.57</x2>
			<y2>184.14626</y2>
			<x3>215.375</x3>
			<y3>135.060388</y3>
			<x4>110.01</x4>
			<y4>136.917452</y4>
			<x5>110.905</x5>
			<y5>188.126316</y5>
		</polygon>
	</object>
</annotation>
