<annotation>
	<folder></folder>
	<filename>3f4bbcb2f5372006_jpg.rf.ff16979559b9519efb17696ef54b7bcb.jpg</filename>
	<path>3f4bbcb2f5372006_jpg.rf.ff16979559b9519efb17696ef54b7bcb.jpg</path>
	<source>
		<database>roboflow.com</database>
	</source>
	<size>
		<width>320</width>
		<height>320</height>
		<depth>3</depth>
	</size>
	<segmented>0</segmented>
	<object>
		<name>license</name>
		<pose>Unspecified</pose>
		<truncated>0</truncated>
		<difficult>0</difficult>
		<occluded>0</occluded>
		<bndbox>
			<xmin>39</xmin>
			<xmax>235</xmax>
			<ymin>121</ymin>
			<ymax>194</ymax>
		</bndbox>
	</object>
</annotation>
