<annotation>
	<folder></folder>
	<filename>3f79246a83cbe38b_jpg.rf.66e2ef9a313135c168568dc66c28c206.jpg</filename>
	<path>3f79246a83cbe38b_jpg.rf.66e2ef9a313135c168568dc66c28c206.jpg</path>
	<source>
		<database>roboflow.com</database>
	</source>
	<size>
		<width>320</width>
		<height>320</height>
		<depth>3</depth>
	</size>
	<segmented>0</segmented>
	<object>
		<name>license</name>
		<pose>Unspecified</pose>
		<truncated>0</truncated>
		<difficult>0</difficult>
		<occluded>0</occluded>
		<bndbox>
			<xmin>101</xmin>
			<xmax>238</xmax>
			<ymin>98</ymin>
			<ymax>167</ymax>
		</bndbox>
	</object>
</annotation>
