<annotation>
	<folder></folder>
	<filename>3vqna87qsmma1_jpg.rf.fc74b3573e5712fc265ddc18e6b98d2f.jpg</filename>
	<path>3vqna87qsmma1_jpg.rf.fc74b3573e5712fc265ddc18e6b98d2f.jpg</path>
	<source>
		<database>roboflow.com</database>
	</source>
	<size>
		<width>320</width>
		<height>320</height>
		<depth>3</depth>
	</size>
	<segmented>0</segmented>
	<object>
		<name>license</name>
		<pose>Unspecified</pose>
		<truncated>0</truncated>
		<difficult>0</difficult>
		<occluded>0</occluded>
		<bndbox>
			<xmin>135</xmin>
			<xmax>198</xmax>
			<ymin>92</ymin>
			<ymax>124</ymax>
		</bndbox>
		<polygon>
			<x1>189.19</x1>
			<y1>90.743662</y1>
			<x2>134.08</x2>
			<y2>100.828169</y2>
			<x3>141.62</x3>
			<y3>123.115493</y3>
			<x4>197.19</x4>
			<y4>110.642254</y4>
			<x5>189.19</x5>
			<y5>90.743662</y5>
		</polygon>
	</object>
</annotation>
