<annotation>
	<folder></folder>
	<filename>3vqna87qsmma1_jpg.rf.37ed06de9fe730c146f3a120d42ee306.jpg</filename>
	<path>3vqna87qsmma1_jpg.rf.37ed06de9fe730c146f3a120d42ee306.jpg</path>
	<source>
		<database>roboflow.com</database>
	</source>
	<size>
		<width>320</width>
		<height>320</height>
		<depth>3</depth>
	</size>
	<segmented>0</segmented>
	<object>
		<name>license</name>
		<pose>Unspecified</pose>
		<truncated>0</truncated>
		<difficult>0</difficult>
		<occluded>0</occluded>
		<bndbox>
			<xmin>135</xmin>
			<xmax>198</xmax>
			<ymin>92</ymin>
			<ymax>124</ymax>
		</bndbox>
		<polygon>
			<x1>141.62</x1>
			<y1>123.115493</y1>
			<x2>197.19</x2>
			<y2>110.642254</y2>
			<x3>189.19</x3>
			<y3>90.743662</y3>
			<x4>134.08</x4>
			<y4>100.828169</y4>
			<x5>141.62</x5>
			<y5>123.115493</y5>
		</polygon>
	</object>
</annotation>
