<annotation>
	<folder></folder>
	<filename>40_jpg.rf.e25ec22a4d2afb9708493073fc8a6704.jpg</filename>
	<path>40_jpg.rf.e25ec22a4d2afb9708493073fc8a6704.jpg</path>
	<source>
		<database>roboflow.com</database>
	</source>
	<size>
		<width>320</width>
		<height>320</height>
		<depth>3</depth>
	</size>
	<segmented>0</segmented>
	<object>
		<name>license</name>
		<pose>Unspecified</pose>
		<truncated>0</truncated>
		<difficult>0</difficult>
		<occluded>0</occluded>
		<bndbox>
			<xmin>125</xmin>
			<xmax>218</xmax>
			<ymin>133</ymin>
			<ymax>189</ymax>
		</bndbox>
		<polygon>
			<x1>215</x1>
			<y1>186.09375</y1>
			<x2>216.875</x2>
			<y2>148.59375</y2>
			<x3>215.9375</x3>
			<y3>136.875</y3>
			<x4>134.0625</x4>
			<y4>132.1875</y4>
			<x5>127.1875</x5>
			<y5>132.1875</y5>
			<x6>125</x6>
			<y6>136.40625</y6>
			<x7>124.375</x7>
			<y7>179.53125</y7>
			<x8>126.5625</x8>
			<y8>182.8125</y8>
			<x9>210.9375</x9>
			<y9>187.5</y9>
			<x10>215</x10>
			<y10>186.09375</y10>
		</polygon>
	</object>
</annotation>
