<annotation>
	<folder></folder>
	<filename>40_jpg.rf.ed1d026ea50a29dba854d028933247da.jpg</filename>
	<path>40_jpg.rf.ed1d026ea50a29dba854d028933247da.jpg</path>
	<source>
		<database>roboflow.com</database>
	</source>
	<size>
		<width>320</width>
		<height>320</height>
		<depth>3</depth>
	</size>
	<segmented>0</segmented>
	<object>
		<name>license</name>
		<pose>Unspecified</pose>
		<truncated>0</truncated>
		<difficult>0</difficult>
		<occluded>0</occluded>
		<bndbox>
			<xmin>125</xmin>
			<xmax>218</xmax>
			<ymin>133</ymin>
			<ymax>189</ymax>
		</bndbox>
		<polygon>
			<x1>124.375</x1>
			<y1>179.53125</y1>
			<x2>126.5625</x2>
			<y2>182.8125</y2>
			<x3>210.9375</x3>
			<y3>187.5</y3>
			<x4>215</x4>
			<y4>186.09375</y4>
			<x5>216.875</x5>
			<y5>148.59375</y5>
			<x6>215.9375</x6>
			<y6>136.875</y6>
			<x7>134.0625</x7>
			<y7>132.1875</y7>
			<x8>127.1875</x8>
			<y8>132.1875</y8>
			<x9>125</x9>
			<y9>136.40625</y9>
			<x10>124.375</x10>
			<y10>179.53125</y10>
		</polygon>
	</object>
</annotation>
