<annotation>
	<folder></folder>
	<filename>414c40a5f38d1bee_jpg.rf.f44ebbb3198db6c9589d44af2c9af2fc.jpg</filename>
	<path>414c40a5f38d1bee_jpg.rf.f44ebbb3198db6c9589d44af2c9af2fc.jpg</path>
	<source>
		<database>roboflow.com</database>
	</source>
	<size>
		<width>320</width>
		<height>320</height>
		<depth>3</depth>
	</size>
	<segmented>0</segmented>
	<object>
		<name>license</name>
		<pose>Unspecified</pose>
		<truncated>0</truncated>
		<difficult>0</difficult>
		<occluded>0</occluded>
		<bndbox>
			<xmin>134</xmin>
			<xmax>173</xmax>
			<ymin>218</ymin>
			<ymax>240</ymax>
		</bndbox>
	</object>
</annotation>
