<annotation>
	<folder></folder>
	<filename>41_jpg.rf.f50d025c43883fe62201e1306195f4c1.jpg</filename>
	<path>41_jpg.rf.f50d025c43883fe62201e1306195f4c1.jpg</path>
	<source>
		<database>roboflow.com</database>
	</source>
	<size>
		<width>320</width>
		<height>320</height>
		<depth>3</depth>
	</size>
	<segmented>0</segmented>
	<object>
		<name>license</name>
		<pose>Unspecified</pose>
		<truncated>0</truncated>
		<difficult>0</difficult>
		<occluded>0</occluded>
		<bndbox>
			<xmin>115</xmin>
			<xmax>210</xmax>
			<ymin>104</ymin>
			<ymax>152</ymax>
		</bndbox>
		<polygon>
			<x1>114.375</x1>
			<y1>105.455084</y1>
			<x2>113.75</x2>
			<y2>135.466017</y2>
			<x3>114.375</x3>
			<y3>146.303298</y3>
			<x4>115.9375</x4>
			<y4>148.387391</y4>
			<x5>185.3125</x5>
			<y5>150.888302</y5>
			<x6>208.125</x6>
			<y6>149.637846</y6>
			<x7>208.75</x7>
			<y7>113.791454</y7>
			<x8>207.1875</x8>
			<y8>106.705539</y8>
			<x9>137.1875</x9>
			<y9>102.537354</y9>
			<x10>115.9375</x10>
			<y10>103.370991</y10>
			<x11>114.375</x11>
			<y11>105.455084</y11>
		</polygon>
	</object>
</annotation>
