<annotation>
	<folder></folder>
	<filename>41_jpg.rf.b3793e683b17cfcd39200ee9eecc3355.jpg</filename>
	<path>41_jpg.rf.b3793e683b17cfcd39200ee9eecc3355.jpg</path>
	<source>
		<database>roboflow.com</database>
	</source>
	<size>
		<width>320</width>
		<height>320</height>
		<depth>3</depth>
	</size>
	<segmented>0</segmented>
	<object>
		<name>license</name>
		<pose>Unspecified</pose>
		<truncated>0</truncated>
		<difficult>0</difficult>
		<occluded>0</occluded>
		<bndbox>
			<xmin>115</xmin>
			<xmax>210</xmax>
			<ymin>104</ymin>
			<ymax>152</ymax>
		</bndbox>
		<polygon>
			<x1>185.3125</x1>
			<y1>150.888302</y1>
			<x2>208.125</x2>
			<y2>149.637846</y2>
			<x3>208.75</x3>
			<y3>113.791454</y3>
			<x4>207.1875</x4>
			<y4>106.705539</y4>
			<x5>137.1875</x5>
			<y5>102.537354</y5>
			<x6>115.9375</x6>
			<y6>103.370991</y6>
			<x7>114.375</x7>
			<y7>105.455084</y7>
			<x8>113.75</x8>
			<y8>135.466017</y8>
			<x9>114.375</x9>
			<y9>146.303298</y9>
			<x10>115.9375</x10>
			<y10>148.387391</y10>
			<x11>185.3125</x11>
			<y11>150.888302</y11>
		</polygon>
	</object>
</annotation>
