<annotation>
	<folder></folder>
	<filename>41aad67da9212d64_jpg.rf.c196320ec616c2bf170f4b4b691fa37c.jpg</filename>
	<path>41aad67da9212d64_jpg.rf.c196320ec616c2bf170f4b4b691fa37c.jpg</path>
	<source>
		<database>roboflow.com</database>
	</source>
	<size>
		<width>320</width>
		<height>320</height>
		<depth>3</depth>
	</size>
	<segmented>0</segmented>
	<object>
		<name>license</name>
		<pose>Unspecified</pose>
		<truncated>0</truncated>
		<difficult>0</difficult>
		<occluded>0</occluded>
		<bndbox>
			<xmin>160</xmin>
			<xmax>209</xmax>
			<ymin>163</ymin>
			<ymax>188</ymax>
		</bndbox>
	</object>
</annotation>
