<annotation>
	<folder></folder>
	<filename>41aad67da9212d64_jpg.rf.7dc8e6a9b54cb0d6e71d31d253f1e347.jpg</filename>
	<path>41aad67da9212d64_jpg.rf.7dc8e6a9b54cb0d6e71d31d253f1e347.jpg</path>
	<source>
		<database>roboflow.com</database>
	</source>
	<size>
		<width>320</width>
		<height>320</height>
		<depth>3</depth>
	</size>
	<segmented>0</segmented>
	<object>
		<name>license</name>
		<pose>Unspecified</pose>
		<truncated>0</truncated>
		<difficult>0</difficult>
		<occluded>0</occluded>
		<bndbox>
			<xmin>160</xmin>
			<xmax>209</xmax>
			<ymin>163</ymin>
			<ymax>188</ymax>
		</bndbox>
	</object>
</annotation>
