<annotation>
	<folder></folder>
	<filename>438927bd4c9d962a_jpg.rf.8aa92a4a992f97e673851034d60a21bc.jpg</filename>
	<path>438927bd4c9d962a_jpg.rf.8aa92a4a992f97e673851034d60a21bc.jpg</path>
	<source>
		<database>roboflow.com</database>
	</source>
	<size>
		<width>320</width>
		<height>320</height>
		<depth>3</depth>
	</size>
	<segmented>0</segmented>
	<object>
		<name>license</name>
		<pose>Unspecified</pose>
		<truncated>0</truncated>
		<difficult>0</difficult>
		<occluded>0</occluded>
		<bndbox>
			<xmin>69</xmin>
			<xmax>132</xmax>
			<ymin>150</ymin>
			<ymax>198</ymax>
		</bndbox>
	</object>
</annotation>
