<annotation>
	<folder></folder>
	<filename>43987cc5dea0bef8_jpg.rf.cf1e656f03f42ccd606c51dbdd661fb6.jpg</filename>
	<path>43987cc5dea0bef8_jpg.rf.cf1e656f03f42ccd606c51dbdd661fb6.jpg</path>
	<source>
		<database>roboflow.com</database>
	</source>
	<size>
		<width>320</width>
		<height>320</height>
		<depth>3</depth>
	</size>
	<segmented>0</segmented>
	<object>
		<name>license</name>
		<pose>Unspecified</pose>
		<truncated>0</truncated>
		<difficult>0</difficult>
		<occluded>0</occluded>
		<bndbox>
			<xmin>73</xmin>
			<xmax>244</xmax>
			<ymin>119</ymin>
			<ymax>293</ymax>
		</bndbox>
	</object>
</annotation>
