<annotation>
	<folder></folder>
	<filename>43_jpg.rf.49752451ffbe93eedd27ba44db50161e.jpg</filename>
	<path>43_jpg.rf.49752451ffbe93eedd27ba44db50161e.jpg</path>
	<source>
		<database>roboflow.com</database>
	</source>
	<size>
		<width>320</width>
		<height>320</height>
		<depth>3</depth>
	</size>
	<segmented>0</segmented>
	<object>
		<name>license</name>
		<pose>Unspecified</pose>
		<truncated>0</truncated>
		<difficult>0</difficult>
		<occluded>0</occluded>
		<bndbox>
			<xmin>140</xmin>
			<xmax>198</xmax>
			<ymin>179</ymin>
			<ymax>209</ymax>
		</bndbox>
		<polygon>
			<x1>196.25</x1>
			<y1>207.158801</y1>
			<x2>196.5625</x2>
			<y2>182.566509</y2>
			<x3>154.6875</x3>
			<y3>178.398323</y3>
			<x4>140.9375</x4>
			<y4>178.398323</y4>
			<x5>140</x5>
			<y5>180.482416</y5>
			<x6>139.375</x6>
			<y6>202.990616</y6>
			<x7>140.9375</x7>
			<y7>205.074708</y7>
			<x8>178.4375</x8>
			<y8>208.409257</y8>
			<x9>196.25</x9>
			<y9>207.158801</y9>
		</polygon>
	</object>
</annotation>
