<annotation>
	<folder></folder>
	<filename>43_jpg.rf.0a5b6fe16fc973b8b66755b1fadd70e5.jpg</filename>
	<path>43_jpg.rf.0a5b6fe16fc973b8b66755b1fadd70e5.jpg</path>
	<source>
		<database>roboflow.com</database>
	</source>
	<size>
		<width>320</width>
		<height>320</height>
		<depth>3</depth>
	</size>
	<segmented>0</segmented>
	<object>
		<name>license</name>
		<pose>Unspecified</pose>
		<truncated>0</truncated>
		<difficult>0</difficult>
		<occluded>0</occluded>
		<bndbox>
			<xmin>140</xmin>
			<xmax>198</xmax>
			<ymin>179</ymin>
			<ymax>209</ymax>
		</bndbox>
		<polygon>
			<x1>140.9375</x1>
			<y1>205.074708</y1>
			<x2>178.4375</x2>
			<y2>208.409257</y2>
			<x3>196.25</x3>
			<y3>207.158801</y3>
			<x4>196.5625</x4>
			<y4>182.566509</y4>
			<x5>154.6875</x5>
			<y5>178.398323</y5>
			<x6>140.9375</x6>
			<y6>178.398323</y6>
			<x7>140</x7>
			<y7>180.482416</y7>
			<x8>139.375</x8>
			<y8>202.990616</y8>
			<x9>140.9375</x9>
			<y9>205.074708</y9>
		</polygon>
	</object>
</annotation>
