<annotation>
	<folder></folder>
	<filename>44_jpg.rf.0717732615166dbebdd76a987e48a32c.jpg</filename>
	<path>44_jpg.rf.0717732615166dbebdd76a987e48a32c.jpg</path>
	<source>
		<database>roboflow.com</database>
	</source>
	<size>
		<width>320</width>
		<height>320</height>
		<depth>3</depth>
	</size>
	<segmented>0</segmented>
	<object>
		<name>license</name>
		<pose>Unspecified</pose>
		<truncated>0</truncated>
		<difficult>0</difficult>
		<occluded>0</occluded>
		<bndbox>
			<xmin>91</xmin>
			<xmax>174</xmax>
			<ymin>179</ymin>
			<ymax>236</ymax>
		</bndbox>
		<polygon>
			<x1>170</x1>
			<y1>230.248724</y1>
			<x2>173.125</x2>
			<y2>198.605139</y2>
			<x3>171.5625</x3>
			<y3>196.523324</y3>
			<x4>96.5625</x4>
			<y4>178.203353</y4>
			<x5>93.75</x5>
			<y5>181.117893</y5>
			<x6>90.625</x6>
			<y6>205.266946</y6>
			<x7>90</x7>
			<y7>213.594205</y7>
			<x8>92.8125</x8>
			<y8>216.508746</y8>
			<x9>165.9375</x9>
			<y9>234.828717</y9>
			<x10>170</x10>
			<y10>230.248724</y10>
		</polygon>
	</object>
</annotation>
