<annotation>
	<folder></folder>
	<filename>44_jpg.rf.210b2441b5a849b88b088294ff0ac51f.jpg</filename>
	<path>44_jpg.rf.210b2441b5a849b88b088294ff0ac51f.jpg</path>
	<source>
		<database>roboflow.com</database>
	</source>
	<size>
		<width>320</width>
		<height>320</height>
		<depth>3</depth>
	</size>
	<segmented>0</segmented>
	<object>
		<name>license</name>
		<pose>Unspecified</pose>
		<truncated>0</truncated>
		<difficult>0</difficult>
		<occluded>0</occluded>
		<bndbox>
			<xmin>91</xmin>
			<xmax>174</xmax>
			<ymin>179</ymin>
			<ymax>236</ymax>
		</bndbox>
		<polygon>
			<x1>90</x1>
			<y1>213.594205</y1>
			<x2>92.8125</x2>
			<y2>216.508746</y2>
			<x3>165.9375</x3>
			<y3>234.828717</y3>
			<x4>170</x4>
			<y4>230.248724</y4>
			<x5>173.125</x5>
			<y5>198.605139</y5>
			<x6>171.5625</x6>
			<y6>196.523324</y6>
			<x7>96.5625</x7>
			<y7>178.203353</y7>
			<x8>93.75</x8>
			<y8>181.117893</y8>
			<x9>90.625</x9>
			<y9>205.266946</y9>
			<x10>90</x10>
			<y10>213.594205</y10>
		</polygon>
	</object>
</annotation>
