<annotation>
	<folder></folder>
	<filename>450f888ec13a5e28_jpg.rf.8af97a457547f5247b30fbb229e559b7.jpg</filename>
	<path>450f888ec13a5e28_jpg.rf.8af97a457547f5247b30fbb229e559b7.jpg</path>
	<source>
		<database>roboflow.com</database>
	</source>
	<size>
		<width>320</width>
		<height>320</height>
		<depth>3</depth>
	</size>
	<segmented>0</segmented>
	<object>
		<name>license</name>
		<pose>Unspecified</pose>
		<truncated>0</truncated>
		<difficult>0</difficult>
		<occluded>0</occluded>
		<bndbox>
			<xmin>109</xmin>
			<xmax>171</xmax>
			<ymin>218</ymin>
			<ymax>250</ymax>
		</bndbox>
	</object>
</annotation>
