<annotation>
	<folder></folder>
	<filename>45_jpg.rf.55df7a5cdb578a8def60115e3580fa7b.jpg</filename>
	<path>45_jpg.rf.55df7a5cdb578a8def60115e3580fa7b.jpg</path>
	<source>
		<database>roboflow.com</database>
	</source>
	<size>
		<width>320</width>
		<height>320</height>
		<depth>3</depth>
	</size>
	<segmented>0</segmented>
	<object>
		<name>license</name>
		<pose>Unspecified</pose>
		<truncated>0</truncated>
		<difficult>0</difficult>
		<occluded>0</occluded>
		<bndbox>
			<xmin>113</xmin>
			<xmax>186</xmax>
			<ymin>163</ymin>
			<ymax>210</ymax>
		</bndbox>
		<polygon>
			<x1>177.8125</x1>
			<y1>209.014213</y1>
			<x2>183.4375</x2>
			<y2>209.014213</y2>
			<x3>185</x3>
			<y3>206.932398</y3>
			<x4>184.375</x4>
			<y4>181.117893</y4>
			<x5>180.9375</x5>
			<y5>175.705175</y5>
			<x6>112.8125</x6>
			<y6>162.38156</y6>
			<x7>111.875</x7>
			<y7>186.114249</y7>
			<x8>112.5</x8>
			<y8>192.776057</y8>
			<x9>114.6875</x9>
			<y9>195.690598</y9>
			<x10>177.8125</x10>
			<y10>209.014213</y10>
		</polygon>
	</object>
</annotation>
