<annotation>
	<folder></folder>
	<filename>45_jpg.rf.83979f6527fd5fcd68ebbea037e7d276.jpg</filename>
	<path>45_jpg.rf.83979f6527fd5fcd68ebbea037e7d276.jpg</path>
	<source>
		<database>roboflow.com</database>
	</source>
	<size>
		<width>320</width>
		<height>320</height>
		<depth>3</depth>
	</size>
	<segmented>0</segmented>
	<object>
		<name>license</name>
		<pose>Unspecified</pose>
		<truncated>0</truncated>
		<difficult>0</difficult>
		<occluded>0</occluded>
		<bndbox>
			<xmin>113</xmin>
			<xmax>186</xmax>
			<ymin>163</ymin>
			<ymax>210</ymax>
		</bndbox>
		<polygon>
			<x1>111.875</x1>
			<y1>186.114249</y1>
			<x2>112.5</x2>
			<y2>192.776057</y2>
			<x3>114.6875</x3>
			<y3>195.690598</y3>
			<x4>177.8125</x4>
			<y4>209.014213</y4>
			<x5>183.4375</x5>
			<y5>209.014213</y5>
			<x6>185</x6>
			<y6>206.932398</y6>
			<x7>184.375</x7>
			<y7>181.117893</y7>
			<x8>180.9375</x8>
			<y8>175.705175</y8>
			<x9>112.8125</x9>
			<y9>162.38156</y9>
			<x10>111.875</x10>
			<y10>186.114249</y10>
		</polygon>
	</object>
</annotation>
