<annotation>
	<folder></folder>
	<filename>46_jpg.rf.a4e6a9f93d7361ea6ce12bfbee0019fb.jpg</filename>
	<path>46_jpg.rf.a4e6a9f93d7361ea6ce12bfbee0019fb.jpg</path>
	<source>
		<database>roboflow.com</database>
	</source>
	<size>
		<width>320</width>
		<height>320</height>
		<depth>3</depth>
	</size>
	<segmented>0</segmented>
	<object>
		<name>license</name>
		<pose>Unspecified</pose>
		<truncated>0</truncated>
		<difficult>0</difficult>
		<occluded>0</occluded>
		<bndbox>
			<xmin>145</xmin>
			<xmax>207</xmax>
			<ymin>111</ymin>
			<ymax>143</ymax>
		</bndbox>
		<polygon>
			<x1>145.9375</x1>
			<y1>141.608319</y1>
			<x2>195.9375</x2>
			<y2>140.775329</y2>
			<x3>205.3125</x3>
			<y3>139.942339</y3>
			<x4>206.25</x4>
			<y4>137.859864</y4>
			<x5>206.25</x5>
			<y5>112.037171</y5>
			<x6>204.6875</x6>
			<y6>109.954695</y6>
			<x7>145.3125</x7>
			<y7>111.620676</y7>
			<x8>144.375</x8>
			<y8>138.692854</y8>
			<x9>145.9375</x9>
			<y9>141.608319</y9>
		</polygon>
	</object>
</annotation>
