<annotation>
	<folder></folder>
	<filename>46_jpg.rf.beaf576dc3a232eade8408ed70b57909.jpg</filename>
	<path>46_jpg.rf.beaf576dc3a232eade8408ed70b57909.jpg</path>
	<source>
		<database>roboflow.com</database>
	</source>
	<size>
		<width>320</width>
		<height>320</height>
		<depth>3</depth>
	</size>
	<segmented>0</segmented>
	<object>
		<name>license</name>
		<pose>Unspecified</pose>
		<truncated>0</truncated>
		<difficult>0</difficult>
		<occluded>0</occluded>
		<bndbox>
			<xmin>145</xmin>
			<xmax>207</xmax>
			<ymin>111</ymin>
			<ymax>143</ymax>
		</bndbox>
		<polygon>
			<x1>205.3125</x1>
			<y1>139.942339</y1>
			<x2>206.25</x2>
			<y2>137.859864</y2>
			<x3>206.25</x3>
			<y3>112.037171</y3>
			<x4>204.6875</x4>
			<y4>109.954695</y4>
			<x5>145.3125</x5>
			<y5>111.620676</y5>
			<x6>144.375</x6>
			<y6>138.692854</y6>
			<x7>145.9375</x7>
			<y7>141.608319</y7>
			<x8>195.9375</x8>
			<y8>140.775329</y8>
			<x9>205.3125</x9>
			<y9>139.942339</y9>
		</polygon>
	</object>
</annotation>
