<annotation>
	<folder></folder>
	<filename>47_jpg.rf.fc8391c9f277e76710940503d528525d.jpg</filename>
	<path>47_jpg.rf.fc8391c9f277e76710940503d528525d.jpg</path>
	<source>
		<database>roboflow.com</database>
	</source>
	<size>
		<width>320</width>
		<height>320</height>
		<depth>3</depth>
	</size>
	<segmented>0</segmented>
	<object>
		<name>license</name>
		<pose>Unspecified</pose>
		<truncated>0</truncated>
		<difficult>0</difficult>
		<occluded>0</occluded>
		<bndbox>
			<xmin>78</xmin>
			<xmax>158</xmax>
			<ymin>171</ymin>
			<ymax>210</ymax>
		</bndbox>
		<polygon>
			<x1>156.875</x1>
			<y1>204.43422</y1>
			<x2>155.9375</x2>
			<y2>169.876093</y2>
			<x3>95.9375</x3>
			<y3>171.541545</y3>
			<x4>79.6875</x4>
			<y4>173.206997</y4>
			<x5>78.125</x5>
			<y5>175.288812</y5>
			<x6>76.875</x6>
			<y6>206.099672</y6>
			<x7>78.4375</x7>
			<y7>209.014213</y7>
			<x8>156.875</x8>
			<y8>204.43422</y8>
		</polygon>
	</object>
</annotation>
