<annotation>
	<folder></folder>
	<filename>47_jpg.rf.786f5de863a40af6f5e11fbf4d53b3c1.jpg</filename>
	<path>47_jpg.rf.786f5de863a40af6f5e11fbf4d53b3c1.jpg</path>
	<source>
		<database>roboflow.com</database>
	</source>
	<size>
		<width>320</width>
		<height>320</height>
		<depth>3</depth>
	</size>
	<segmented>0</segmented>
	<object>
		<name>license</name>
		<pose>Unspecified</pose>
		<truncated>0</truncated>
		<difficult>0</difficult>
		<occluded>0</occluded>
		<bndbox>
			<xmin>78</xmin>
			<xmax>158</xmax>
			<ymin>171</ymin>
			<ymax>210</ymax>
		</bndbox>
		<polygon>
			<x1>155.9375</x1>
			<y1>169.876093</y1>
			<x2>95.9375</x2>
			<y2>171.541545</y2>
			<x3>79.6875</x3>
			<y3>173.206997</y3>
			<x4>78.125</x4>
			<y4>175.288812</y4>
			<x5>76.875</x5>
			<y5>206.099672</y5>
			<x6>78.4375</x6>
			<y6>209.014213</y6>
			<x7>156.875</x7>
			<y7>204.43422</y7>
			<x8>155.9375</x8>
			<y8>169.876093</y8>
		</polygon>
	</object>
</annotation>
