<annotation>
	<folder></folder>
	<filename>47aqrq78ezma1_jpg.rf.145acf92382ac7721152c08e3c36820f.jpg</filename>
	<path>47aqrq78ezma1_jpg.rf.145acf92382ac7721152c08e3c36820f.jpg</path>
	<source>
		<database>roboflow.com</database>
	</source>
	<size>
		<width>320</width>
		<height>320</height>
		<depth>3</depth>
	</size>
	<segmented>0</segmented>
	<object>
		<name>license</name>
		<pose>Unspecified</pose>
		<truncated>0</truncated>
		<difficult>0</difficult>
		<occluded>0</occluded>
		<bndbox>
			<xmin>182</xmin>
			<xmax>225</xmax>
			<ymin>249</ymin>
			<ymax>267</ymax>
		</bndbox>
		<polygon>
			<x1>181.027556</x1>
			<y1>265.875772</y1>
			<x2>224.184889</x2>
			<y2>265.345041</y2>
			<x3>223.459556</x3>
			<y3>248.361626</y3>
			<x4>180.693333</x4>
			<y4>248.35122</y4>
			<x5>181.027556</x5>
			<y5>265.875772</y5>
		</polygon>
	</object>
</annotation>
