<annotation>
	<folder></folder>
	<filename>47aqrq78ezma1_jpg.rf.64ec7d733bf909266fc725361be925e7.jpg</filename>
	<path>47aqrq78ezma1_jpg.rf.64ec7d733bf909266fc725361be925e7.jpg</path>
	<source>
		<database>roboflow.com</database>
	</source>
	<size>
		<width>320</width>
		<height>320</height>
		<depth>3</depth>
	</size>
	<segmented>0</segmented>
	<object>
		<name>license</name>
		<pose>Unspecified</pose>
		<truncated>0</truncated>
		<difficult>0</difficult>
		<occluded>0</occluded>
		<bndbox>
			<xmin>182</xmin>
			<xmax>225</xmax>
			<ymin>249</ymin>
			<ymax>267</ymax>
		</bndbox>
		<polygon>
			<x1>223.459556</x1>
			<y1>248.361626</y1>
			<x2>180.693333</x2>
			<y2>248.35122</y2>
			<x3>181.027556</x3>
			<y3>265.875772</y3>
			<x4>224.184889</x4>
			<y4>265.345041</y4>
			<x5>223.459556</x5>
			<y5>248.361626</y5>
		</polygon>
	</object>
</annotation>
