<annotation>
	<folder></folder>
	<filename>47uvqaycdbha1_jpg.rf.6233a7d43aeae0e2fc13a4f275617c24.jpg</filename>
	<path>47uvqaycdbha1_jpg.rf.6233a7d43aeae0e2fc13a4f275617c24.jpg</path>
	<source>
		<database>roboflow.com</database>
	</source>
	<size>
		<width>320</width>
		<height>320</height>
		<depth>3</depth>
	</size>
	<segmented>0</segmented>
	<object>
		<name>license</name>
		<pose>Unspecified</pose>
		<truncated>0</truncated>
		<difficult>0</difficult>
		<occluded>0</occluded>
		<bndbox>
			<xmin>219</xmin>
			<xmax>264</xmax>
			<ymin>97</ymin>
			<ymax>143</ymax>
		</bndbox>
		<polygon>
			<x1>222.885</x1>
			<y1>141.691667</y1>
			<x2>262.685</x2>
			<y2>140.891667</y2>
			<x3>256.955</x3>
			<y3>100.833333</y3>
			<x4>217.79</x4>
			<y4>96.316667</y4>
			<x5>222.885</x5>
			<y5>141.691667</y5>
		</polygon>
	</object>
</annotation>
