<annotation>
	<folder></folder>
	<filename>47uvqaycdbha1_jpg.rf.8cdde76f95442d19407a767e64b90b10.jpg</filename>
	<path>47uvqaycdbha1_jpg.rf.8cdde76f95442d19407a767e64b90b10.jpg</path>
	<source>
		<database>roboflow.com</database>
	</source>
	<size>
		<width>320</width>
		<height>320</height>
		<depth>3</depth>
	</size>
	<segmented>0</segmented>
	<object>
		<name>license</name>
		<pose>Unspecified</pose>
		<truncated>0</truncated>
		<difficult>0</difficult>
		<occluded>0</occluded>
		<bndbox>
			<xmin>219</xmin>
			<xmax>264</xmax>
			<ymin>97</ymin>
			<ymax>143</ymax>
		</bndbox>
		<polygon>
			<x1>256.955</x1>
			<y1>100.833333</y1>
			<x2>217.79</x2>
			<y2>96.316667</y2>
			<x3>222.885</x3>
			<y3>141.691667</y3>
			<x4>262.685</x4>
			<y4>140.891667</y4>
			<x5>256.955</x5>
			<y5>100.833333</y5>
		</polygon>
	</object>
</annotation>
