<annotation>
	<folder></folder>
	<filename>48_jpg.rf.28d6c209d388618bced60fb9fb419982.jpg</filename>
	<path>48_jpg.rf.28d6c209d388618bced60fb9fb419982.jpg</path>
	<source>
		<database>roboflow.com</database>
	</source>
	<size>
		<width>320</width>
		<height>320</height>
		<depth>3</depth>
	</size>
	<segmented>0</segmented>
	<object>
		<name>license</name>
		<pose>Unspecified</pose>
		<truncated>0</truncated>
		<difficult>0</difficult>
		<occluded>0</occluded>
		<bndbox>
			<xmin>125</xmin>
			<xmax>201</xmax>
			<ymin>150</ymin>
			<ymax>192</ymax>
		</bndbox>
		<polygon>
			<x1>123.75</x1>
			<y1>187.985149</y1>
			<x2>125.9375</x2>
			<y2>190.902879</y2>
			<x3>189.0625</x3>
			<y3>188.401968</y3>
			<x4>198.4375</x4>
			<y4>186.734694</y4>
			<x5>200</x5>
			<y5>182.983327</y5>
			<x6>200</x6>
			<y6>151.30512</y6>
			<x7>198.4375</x7>
			<y7>149.221028</y7>
			<x8>125.9375</x8>
			<y8>152.555576</y8>
			<x9>124.375</x9>
			<y9>154.639668</y9>
			<x10>123.75</x10>
			<y10>187.985149</y10>
		</polygon>
	</object>
</annotation>
