<annotation>
	<folder></folder>
	<filename>48_jpg.rf.cbfb36fd0c968651fcbbb40f6598fcf8.jpg</filename>
	<path>48_jpg.rf.cbfb36fd0c968651fcbbb40f6598fcf8.jpg</path>
	<source>
		<database>roboflow.com</database>
	</source>
	<size>
		<width>320</width>
		<height>320</height>
		<depth>3</depth>
	</size>
	<segmented>0</segmented>
	<object>
		<name>license</name>
		<pose>Unspecified</pose>
		<truncated>0</truncated>
		<difficult>0</difficult>
		<occluded>0</occluded>
		<bndbox>
			<xmin>125</xmin>
			<xmax>201</xmax>
			<ymin>150</ymin>
			<ymax>192</ymax>
		</bndbox>
		<polygon>
			<x1>198.4375</x1>
			<y1>186.734694</y1>
			<x2>200</x2>
			<y2>182.983327</y2>
			<x3>200</x3>
			<y3>151.30512</y3>
			<x4>198.4375</x4>
			<y4>149.221028</y4>
			<x5>125.9375</x5>
			<y5>152.555576</y5>
			<x6>124.375</x6>
			<y6>154.639668</y6>
			<x7>123.75</x7>
			<y7>187.985149</y7>
			<x8>125.9375</x8>
			<y8>190.902879</y8>
			<x9>189.0625</x9>
			<y9>188.401968</y9>
			<x10>198.4375</x10>
			<y10>186.734694</y10>
		</polygon>
	</object>
</annotation>
