<annotation>
	<folder></folder>
	<filename>4931313fd9a67954_jpg.rf.5f243be66a1ecfcd993b7ba8b05db017.jpg</filename>
	<path>4931313fd9a67954_jpg.rf.5f243be66a1ecfcd993b7ba8b05db017.jpg</path>
	<source>
		<database>roboflow.com</database>
	</source>
	<size>
		<width>320</width>
		<height>320</height>
		<depth>3</depth>
	</size>
	<segmented>0</segmented>
	<object>
		<name>license</name>
		<pose>Unspecified</pose>
		<truncated>0</truncated>
		<difficult>0</difficult>
		<occluded>0</occluded>
		<bndbox>
			<xmin>61</xmin>
			<xmax>226</xmax>
			<ymin>74</ymin>
			<ymax>216</ymax>
		</bndbox>
	</object>
</annotation>
