<annotation>
	<folder></folder>
	<filename>49ad072f6bd4ee7b_jpg.rf.b9c240f9618d9791c6e976e0bbd8aeb5.jpg</filename>
	<path>49ad072f6bd4ee7b_jpg.rf.b9c240f9618d9791c6e976e0bbd8aeb5.jpg</path>
	<source>
		<database>roboflow.com</database>
	</source>
	<size>
		<width>320</width>
		<height>320</height>
		<depth>3</depth>
	</size>
	<segmented>0</segmented>
	<object>
		<name>license</name>
		<pose>Unspecified</pose>
		<truncated>0</truncated>
		<difficult>0</difficult>
		<occluded>0</occluded>
		<bndbox>
			<xmin>12</xmin>
			<xmax>261</xmax>
			<ymin>40</ymin>
			<ymax>174</ymax>
		</bndbox>
	</object>
</annotation>
