<annotation>
	<folder></folder>
	<filename>4_jpg.rf.fef89c27090da456d0d5d0b5a62a27e2.jpg</filename>
	<path>4_jpg.rf.fef89c27090da456d0d5d0b5a62a27e2.jpg</path>
	<source>
		<database>roboflow.com</database>
	</source>
	<size>
		<width>320</width>
		<height>320</height>
		<depth>3</depth>
	</size>
	<segmented>0</segmented>
	<object>
		<name>license</name>
		<pose>Unspecified</pose>
		<truncated>0</truncated>
		<difficult>0</difficult>
		<occluded>0</occluded>
		<bndbox>
			<xmin>99</xmin>
			<xmax>209</xmax>
			<ymin>58</ymin>
			<ymax>126</ymax>
		</bndbox>
		<polygon>
			<x1>202.1875</x1>
			<y1>115.748907</y1>
			<x2>205</x2>
			<y2>107.005284</y2>
			<x3>208.125</x3>
			<y3>58.707179</y3>
			<x4>205.3125</x4>
			<y4>56.625364</y4>
			<x5>104.0625</x5>
			<y5>64.119898</y5>
			<x6>101.25</x6>
			<y6>67.867165</y6>
			<x7>100</x7>
			<y7>83.688958</y7>
			<x8>98.125</x8>
			<y8>118.663448</y8>
			<x9>99.375</x9>
			<y9>122.827077</y9>
			<x10>102.1875</x10>
			<y10>124.908892</y10>
			<x11>202.1875</x11>
			<y11>115.748907</y11>
		</polygon>
	</object>
</annotation>
