<annotation>
	<folder></folder>
	<filename>4_jpg.rf.0f296a61d385f85914217b5477522f9c.jpg</filename>
	<path>4_jpg.rf.0f296a61d385f85914217b5477522f9c.jpg</path>
	<source>
		<database>roboflow.com</database>
	</source>
	<size>
		<width>320</width>
		<height>320</height>
		<depth>3</depth>
	</size>
	<segmented>0</segmented>
	<object>
		<name>license</name>
		<pose>Unspecified</pose>
		<truncated>0</truncated>
		<difficult>0</difficult>
		<occluded>0</occluded>
		<bndbox>
			<xmin>99</xmin>
			<xmax>209</xmax>
			<ymin>58</ymin>
			<ymax>126</ymax>
		</bndbox>
		<polygon>
			<x1>100</x1>
			<y1>83.688958</y1>
			<x2>98.125</x2>
			<y2>118.663448</y2>
			<x3>99.375</x3>
			<y3>122.827077</y3>
			<x4>102.1875</x4>
			<y4>124.908892</y4>
			<x5>202.1875</x5>
			<y5>115.748907</y5>
			<x6>205</x6>
			<y6>107.005284</y6>
			<x7>208.125</x7>
			<y7>58.707179</y7>
			<x8>205.3125</x8>
			<y8>56.625364</y8>
			<x9>104.0625</x9>
			<y9>64.119898</y9>
			<x10>101.25</x10>
			<y10>67.867165</y10>
			<x11>100</x11>
			<y11>83.688958</y11>
		</polygon>
	</object>
</annotation>
