<annotation>
	<folder></folder>
	<filename>4d1om12ximja1_jpg.rf.c7669c0ab4f49c85f77ff3c781282c02.jpg</filename>
	<path>4d1om12ximja1_jpg.rf.c7669c0ab4f49c85f77ff3c781282c02.jpg</path>
	<source>
		<database>roboflow.com</database>
	</source>
	<size>
		<width>320</width>
		<height>320</height>
		<depth>3</depth>
	</size>
	<segmented>0</segmented>
	<object>
		<name>license</name>
		<pose>Unspecified</pose>
		<truncated>0</truncated>
		<difficult>0</difficult>
		<occluded>0</occluded>
		<bndbox>
			<xmin>102</xmin>
			<xmax>135</xmax>
			<ymin>217</ymin>
			<ymax>244</ymax>
		</bndbox>
		<polygon>
			<x1>100.895</x1>
			<y1>238.806667</y1>
			<x2>133.53</x2>
			<y2>243.053333</y2>
			<x3>133.53</x3>
			<y3>219.966667</y3>
			<x4>101.095</x4>
			<y4>215.986667</y4>
			<x5>100.895</x5>
			<y5>238.806667</y5>
		</polygon>
	</object>
</annotation>
