<annotation>
	<folder></folder>
	<filename>4d1om12ximja1_jpg.rf.aba46eff884c2d9c67eb199c86583206.jpg</filename>
	<path>4d1om12ximja1_jpg.rf.aba46eff884c2d9c67eb199c86583206.jpg</path>
	<source>
		<database>roboflow.com</database>
	</source>
	<size>
		<width>320</width>
		<height>320</height>
		<depth>3</depth>
	</size>
	<segmented>0</segmented>
	<object>
		<name>license</name>
		<pose>Unspecified</pose>
		<truncated>0</truncated>
		<difficult>0</difficult>
		<occluded>0</occluded>
		<bndbox>
			<xmin>102</xmin>
			<xmax>135</xmax>
			<ymin>217</ymin>
			<ymax>244</ymax>
		</bndbox>
		<polygon>
			<x1>133.53</x1>
			<y1>219.966667</y1>
			<x2>101.095</x2>
			<y2>215.986667</y2>
			<x3>100.895</x3>
			<y3>238.806667</y3>
			<x4>133.53</x4>
			<y4>243.053333</y4>
			<x5>133.53</x5>
			<y5>219.966667</y5>
		</polygon>
	</object>
</annotation>
