<annotation>
	<folder></folder>
	<filename>4onkhaa2opca1_jpg.rf.8235a99bf0e5c645e2498e18340e8bb0.jpg</filename>
	<path>4onkhaa2opca1_jpg.rf.8235a99bf0e5c645e2498e18340e8bb0.jpg</path>
	<source>
		<database>roboflow.com</database>
	</source>
	<size>
		<width>320</width>
		<height>320</height>
		<depth>3</depth>
	</size>
	<segmented>0</segmented>
	<object>
		<name>license</name>
		<pose>Unspecified</pose>
		<truncated>0</truncated>
		<difficult>0</difficult>
		<occluded>0</occluded>
		<bndbox>
			<xmin>164</xmin>
			<xmax>215</xmax>
			<ymin>132</ymin>
			<ymax>165</ymax>
		</bndbox>
		<polygon>
			<x1>166.21</x1>
			<y1>163.968231</y1>
			<x2>214.445</x2>
			<y2>161.311191</y2>
			<x3>211</x3>
			<y3>131.067148</y3>
			<x4>162.995</x4>
			<y4>132.124188</y4>
			<x5>166.21</x5>
			<y5>163.968231</y5>
		</polygon>
	</object>
</annotation>
