<annotation>
	<folder></folder>
	<filename>4onkhaa2opca1_jpg.rf.eb8f0606313b50144173b3e92e4dfb9b.jpg</filename>
	<path>4onkhaa2opca1_jpg.rf.eb8f0606313b50144173b3e92e4dfb9b.jpg</path>
	<source>
		<database>roboflow.com</database>
	</source>
	<size>
		<width>320</width>
		<height>320</height>
		<depth>3</depth>
	</size>
	<segmented>0</segmented>
	<object>
		<name>license</name>
		<pose>Unspecified</pose>
		<truncated>0</truncated>
		<difficult>0</difficult>
		<occluded>0</occluded>
		<bndbox>
			<xmin>164</xmin>
			<xmax>215</xmax>
			<ymin>132</ymin>
			<ymax>165</ymax>
		</bndbox>
		<polygon>
			<x1>211</x1>
			<y1>131.067148</y1>
			<x2>162.995</x2>
			<y2>132.124188</y2>
			<x3>166.21</x3>
			<y3>163.968231</y3>
			<x4>214.445</x4>
			<y4>161.311191</y4>
			<x5>211</x5>
			<y5>131.067148</y5>
		</polygon>
	</object>
</annotation>
