<annotation>
	<folder></folder>
	<filename>4ut3jn8d3uga1_jpg.rf.f2ac82278079fa4c31c68b8093cd8015.jpg</filename>
	<path>4ut3jn8d3uga1_jpg.rf.f2ac82278079fa4c31c68b8093cd8015.jpg</path>
	<source>
		<database>roboflow.com</database>
	</source>
	<size>
		<width>320</width>
		<height>320</height>
		<depth>3</depth>
	</size>
	<segmented>0</segmented>
	<object>
		<name>license</name>
		<pose>Unspecified</pose>
		<truncated>0</truncated>
		<difficult>0</difficult>
		<occluded>0</occluded>
		<bndbox>
			<xmin>180</xmin>
			<xmax>212</xmax>
			<ymin>178</ymin>
			<ymax>196</ymax>
		</bndbox>
		<polygon>
			<x1>180.165</x1>
			<y1>195.025</y1>
			<x2>210.945</x2>
			<y2>193.965</y2>
			<x3>209.355</x3>
			<y3>177.245</y3>
			<x4>178.84</x4>
			<y4>178.84</y4>
			<x5>180.165</x5>
			<y5>195.025</y5>
		</polygon>
	</object>
</annotation>
