<annotation>
	<folder></folder>
	<filename>4ut3jn8d3uga1_jpg.rf.071a7e3c674066a5166895060b3e46a6.jpg</filename>
	<path>4ut3jn8d3uga1_jpg.rf.071a7e3c674066a5166895060b3e46a6.jpg</path>
	<source>
		<database>roboflow.com</database>
	</source>
	<size>
		<width>320</width>
		<height>320</height>
		<depth>3</depth>
	</size>
	<segmented>0</segmented>
	<object>
		<name>license</name>
		<pose>Unspecified</pose>
		<truncated>0</truncated>
		<difficult>0</difficult>
		<occluded>0</occluded>
		<bndbox>
			<xmin>180</xmin>
			<xmax>212</xmax>
			<ymin>178</ymin>
			<ymax>196</ymax>
		</bndbox>
		<polygon>
			<x1>209.355</x1>
			<y1>177.245</y1>
			<x2>178.84</x2>
			<y2>178.84</y2>
			<x3>180.165</x3>
			<y3>195.025</y3>
			<x4>210.945</x4>
			<y4>193.965</y4>
			<x5>209.355</x5>
			<y5>177.245</y5>
		</polygon>
	</object>
</annotation>
