<annotation>
	<folder></folder>
	<filename>50_jpg.rf.c3191737ec07a71ade264e184e4f596f.jpg</filename>
	<path>50_jpg.rf.c3191737ec07a71ade264e184e4f596f.jpg</path>
	<source>
		<database>roboflow.com</database>
	</source>
	<size>
		<width>320</width>
		<height>320</height>
		<depth>3</depth>
	</size>
	<segmented>0</segmented>
	<object>
		<name>license</name>
		<pose>Unspecified</pose>
		<truncated>0</truncated>
		<difficult>0</difficult>
		<occluded>0</occluded>
		<bndbox>
			<xmin>110</xmin>
			<xmax>250</xmax>
			<ymin>149</ymin>
			<ymax>230</ymax>
		</bndbox>
		<polygon>
			<x1>111.875</x1>
			<y1>154.470663</y1>
			<x2>110.625</x2>
			<y2>175.288812</y2>
			<x3>109.375</x3>
			<y3>220.256013</y3>
			<x4>111.5625</x4>
			<y4>224.00328</y4>
			<x5>214.0625</x5>
			<y5>228.999636</y5>
			<x6>243.4375</x6>
			<y6>228.999636</y6>
			<x7>246.875</x7>
			<y7>224.419643</y7>
			<x8>249.375</x8>
			<y8>168.627005</y8>
			<x9>249.375</x9>
			<y9>155.303389</y9>
			<x10>247.8125</x10>
			<y10>153.221574</y10>
			<x11>114.6875</x11>
			<y11>148.225218</y11>
			<x12>111.875</x12>
			<y12>154.470663</y12>
		</polygon>
	</object>
</annotation>
