<annotation>
	<folder></folder>
	<filename>50_jpg.rf.336e59d46b8c44de4e678b6a9d6466e9.jpg</filename>
	<path>50_jpg.rf.336e59d46b8c44de4e678b6a9d6466e9.jpg</path>
	<source>
		<database>roboflow.com</database>
	</source>
	<size>
		<width>320</width>
		<height>320</height>
		<depth>3</depth>
	</size>
	<segmented>0</segmented>
	<object>
		<name>license</name>
		<pose>Unspecified</pose>
		<truncated>0</truncated>
		<difficult>0</difficult>
		<occluded>0</occluded>
		<bndbox>
			<xmin>110</xmin>
			<xmax>250</xmax>
			<ymin>149</ymin>
			<ymax>230</ymax>
		</bndbox>
		<polygon>
			<x1>243.4375</x1>
			<y1>228.999636</y1>
			<x2>246.875</x2>
			<y2>224.419643</y2>
			<x3>249.375</x3>
			<y3>168.627005</y3>
			<x4>249.375</x4>
			<y4>155.303389</y4>
			<x5>247.8125</x5>
			<y5>153.221574</y5>
			<x6>114.6875</x6>
			<y6>148.225218</y6>
			<x7>111.875</x7>
			<y7>154.470663</y7>
			<x8>110.625</x8>
			<y8>175.288812</y8>
			<x9>109.375</x9>
			<y9>220.256013</y9>
			<x10>111.5625</x10>
			<y10>224.00328</y10>
			<x11>214.0625</x11>
			<y11>228.999636</y11>
			<x12>243.4375</x12>
			<y12>228.999636</y12>
		</polygon>
	</object>
</annotation>
