<annotation>
	<folder></folder>
	<filename>51_jpg.rf.e2e86641f3f02943e058cdb99a16f9b2.jpg</filename>
	<path>51_jpg.rf.e2e86641f3f02943e058cdb99a16f9b2.jpg</path>
	<source>
		<database>roboflow.com</database>
	</source>
	<size>
		<width>320</width>
		<height>320</height>
		<depth>3</depth>
	</size>
	<segmented>0</segmented>
	<object>
		<name>license</name>
		<pose>Unspecified</pose>
		<truncated>0</truncated>
		<difficult>0</difficult>
		<occluded>0</occluded>
		<bndbox>
			<xmin>144</xmin>
			<xmax>220</xmax>
			<ymin>159</ymin>
			<ymax>206</ymax>
		</bndbox>
		<polygon>
			<x1>216.5625</x1>
			<y1>205.074708</y1>
			<x2>218.75</x2>
			<y2>202.156979</y2>
			<x3>218.75</x3>
			<y3>168.811498</y3>
			<x4>215.9375</x4>
			<y4>165.893768</y4>
			<x5>151.5625</x5>
			<y5>158.391035</y5>
			<x6>143.75</x6>
			<y6>159.64149</y6>
			<x7>143.125</x7>
			<y7>178.815142</y7>
			<x8>144.6875</x8>
			<y8>195.071064</y8>
			<x9>212.8125</x9>
			<y9>205.074708</y9>
			<x10>216.5625</x10>
			<y10>205.074708</y10>
		</polygon>
	</object>
</annotation>
