<annotation>
	<folder></folder>
	<filename>51_jpg.rf.1a65d0a8de4184f4da60552817467dee.jpg</filename>
	<path>51_jpg.rf.1a65d0a8de4184f4da60552817467dee.jpg</path>
	<source>
		<database>roboflow.com</database>
	</source>
	<size>
		<width>320</width>
		<height>320</height>
		<depth>3</depth>
	</size>
	<segmented>0</segmented>
	<object>
		<name>license</name>
		<pose>Unspecified</pose>
		<truncated>0</truncated>
		<difficult>0</difficult>
		<occluded>0</occluded>
		<bndbox>
			<xmin>144</xmin>
			<xmax>220</xmax>
			<ymin>159</ymin>
			<ymax>206</ymax>
		</bndbox>
		<polygon>
			<x1>143.125</x1>
			<y1>178.815142</y1>
			<x2>144.6875</x2>
			<y2>195.071064</y2>
			<x3>212.8125</x3>
			<y3>205.074708</y3>
			<x4>216.5625</x4>
			<y4>205.074708</y4>
			<x5>218.75</x5>
			<y5>202.156979</y5>
			<x6>218.75</x6>
			<y6>168.811498</y6>
			<x7>215.9375</x7>
			<y7>165.893768</y7>
			<x8>151.5625</x8>
			<y8>158.391035</y8>
			<x9>143.75</x9>
			<y9>159.64149</y9>
			<x10>143.125</x10>
			<y10>178.815142</y10>
		</polygon>
	</object>
</annotation>
