<annotation>
	<folder></folder>
	<filename>51o11j5480na1_jpg.rf.d16ce72fc3b33f84c431ad0abfd72b1b.jpg</filename>
	<path>51o11j5480na1_jpg.rf.d16ce72fc3b33f84c431ad0abfd72b1b.jpg</path>
	<source>
		<database>roboflow.com</database>
	</source>
	<size>
		<width>320</width>
		<height>320</height>
		<depth>3</depth>
	</size>
	<segmented>0</segmented>
	<object>
		<name>license</name>
		<pose>Unspecified</pose>
		<truncated>0</truncated>
		<difficult>0</difficult>
		<occluded>0</occluded>
		<bndbox>
			<xmin>147</xmin>
			<xmax>182</xmax>
			<ymin>101</ymin>
			<ymax>124</ymax>
		</bndbox>
		<polygon>
			<x1>145.665</x1>
			<y1>122.851896</y1>
			<x2>180.56</x2>
			<y2>122.583633</y2>
			<x3>180.145</x3>
			<y3>100.030339</y3>
			<x4>145.665</x4>
			<y4>99.5002</y4>
			<x5>145.665</x5>
			<y5>122.851896</y5>
		</polygon>
	</object>
</annotation>
