<annotation>
	<folder></folder>
	<filename>51o11j5480na1_jpg.rf.7d7c8be581f635f408ab1b2a32b5f0a6.jpg</filename>
	<path>51o11j5480na1_jpg.rf.7d7c8be581f635f408ab1b2a32b5f0a6.jpg</path>
	<source>
		<database>roboflow.com</database>
	</source>
	<size>
		<width>320</width>
		<height>320</height>
		<depth>3</depth>
	</size>
	<segmented>0</segmented>
	<object>
		<name>license</name>
		<pose>Unspecified</pose>
		<truncated>0</truncated>
		<difficult>0</difficult>
		<occluded>0</occluded>
		<bndbox>
			<xmin>147</xmin>
			<xmax>182</xmax>
			<ymin>101</ymin>
			<ymax>124</ymax>
		</bndbox>
		<polygon>
			<x1>180.145</x1>
			<y1>100.030339</y1>
			<x2>145.665</x2>
			<y2>99.5002</y2>
			<x3>145.665</x3>
			<y3>122.851896</y3>
			<x4>180.56</x4>
			<y4>122.583633</y4>
			<x5>180.145</x5>
			<y5>100.030339</y5>
		</polygon>
	</object>
</annotation>
