<annotation>
	<folder></folder>
	<filename>52_jpg.rf.c544c865ebd8ec3fe33390a8d5451a3c.jpg</filename>
	<path>52_jpg.rf.c544c865ebd8ec3fe33390a8d5451a3c.jpg</path>
	<source>
		<database>roboflow.com</database>
	</source>
	<size>
		<width>320</width>
		<height>320</height>
		<depth>3</depth>
	</size>
	<segmented>0</segmented>
	<object>
		<name>license</name>
		<pose>Unspecified</pose>
		<truncated>0</truncated>
		<difficult>0</difficult>
		<occluded>0</occluded>
		<bndbox>
			<xmin>131</xmin>
			<xmax>204</xmax>
			<ymin>182</ymin>
			<ymax>227</ymax>
		</bndbox>
		<polygon>
			<x1>194.6875</x1>
			<y1>225.915634</y1>
			<x2>200.3125</x2>
			<y2>225.915634</y2>
			<x3>202.5</x3>
			<y3>222.997905</y3>
			<x4>202.1875</x4>
			<y4>189.235605</y4>
			<x5>131.5625</x5>
			<y5>180.899235</y5>
			<x6>130</x6>
			<y6>182.983327</y6>
			<x7>130</x7>
			<y7>212.99426</y7>
			<x8>131.5625</x8>
			<y8>216.745627</y8>
			<x9>194.6875</x9>
			<y9>225.915634</y9>
		</polygon>
	</object>
</annotation>
