<annotation>
	<folder></folder>
	<filename>52_jpg.rf.9630148d070f87cfd4119f8b33fffef5.jpg</filename>
	<path>52_jpg.rf.9630148d070f87cfd4119f8b33fffef5.jpg</path>
	<source>
		<database>roboflow.com</database>
	</source>
	<size>
		<width>320</width>
		<height>320</height>
		<depth>3</depth>
	</size>
	<segmented>0</segmented>
	<object>
		<name>license</name>
		<pose>Unspecified</pose>
		<truncated>0</truncated>
		<difficult>0</difficult>
		<occluded>0</occluded>
		<bndbox>
			<xmin>131</xmin>
			<xmax>204</xmax>
			<ymin>182</ymin>
			<ymax>227</ymax>
		</bndbox>
		<polygon>
			<x1>130</x1>
			<y1>212.99426</y1>
			<x2>131.5625</x2>
			<y2>216.745627</y2>
			<x3>194.6875</x3>
			<y3>225.915634</y3>
			<x4>200.3125</x4>
			<y4>225.915634</y4>
			<x5>202.5</x5>
			<y5>222.997905</y5>
			<x6>202.1875</x6>
			<y6>189.235605</y6>
			<x7>131.5625</x7>
			<y7>180.899235</y7>
			<x8>130</x8>
			<y8>182.983327</y8>
			<x9>130</x9>
			<y9>212.99426</y9>
		</polygon>
	</object>
</annotation>
