<annotation>
	<folder></folder>
	<filename>54_jpg.rf.394c100ba7ea30a62ecb5ced6a8126b1.jpg</filename>
	<path>54_jpg.rf.394c100ba7ea30a62ecb5ced6a8126b1.jpg</path>
	<source>
		<database>roboflow.com</database>
	</source>
	<size>
		<width>320</width>
		<height>320</height>
		<depth>3</depth>
	</size>
	<segmented>0</segmented>
	<object>
		<name>license</name>
		<pose>Unspecified</pose>
		<truncated>0</truncated>
		<difficult>0</difficult>
		<occluded>0</occluded>
		<bndbox>
			<xmin>105</xmin>
			<xmax>189</xmax>
			<ymin>138</ymin>
			<ymax>184</ymax>
		</bndbox>
		<polygon>
			<x1>107.5</x1>
			<y1>173.81332</y1>
			<x2>109.0625</x2>
			<y2>175.063776</y2>
			<x3>182.1875</x3>
			<y3>182.566509</y3>
			<x4>187.5</x4>
			<y4>181.316053</y4>
			<x5>186.875</x5>
			<y5>150.471483</y5>
			<x6>184.0625</x6>
			<y6>143.385568</y6>
			<x7>105.3125</x7>
			<y7>136.716473</y7>
			<x8>103.75</x8>
			<y8>138.800565</y8>
			<x9>103.75</x9>
			<y9>143.802387</y9>
			<x10>105.625</x10>
			<y10>164.643313</y10>
			<x11>107.5</x11>
			<y11>173.81332</y11>
		</polygon>
	</object>
</annotation>
