<annotation>
	<folder></folder>
	<filename>54_jpg.rf.3827f882d00146e658c0effe10bd55d9.jpg</filename>
	<path>54_jpg.rf.3827f882d00146e658c0effe10bd55d9.jpg</path>
	<source>
		<database>roboflow.com</database>
	</source>
	<size>
		<width>320</width>
		<height>320</height>
		<depth>3</depth>
	</size>
	<segmented>0</segmented>
	<object>
		<name>license</name>
		<pose>Unspecified</pose>
		<truncated>0</truncated>
		<difficult>0</difficult>
		<occluded>0</occluded>
		<bndbox>
			<xmin>105</xmin>
			<xmax>189</xmax>
			<ymin>138</ymin>
			<ymax>184</ymax>
		</bndbox>
		<polygon>
			<x1>105.3125</x1>
			<y1>136.716473</y1>
			<x2>103.75</x2>
			<y2>138.800565</y2>
			<x3>103.75</x3>
			<y3>143.802387</y3>
			<x4>105.625</x4>
			<y4>164.643313</y4>
			<x5>107.5</x5>
			<y5>173.81332</y5>
			<x6>109.0625</x6>
			<y6>175.063776</y6>
			<x7>182.1875</x7>
			<y7>182.566509</y7>
			<x8>187.5</x8>
			<y8>181.316053</y8>
			<x9>186.875</x9>
			<y9>150.471483</y9>
			<x10>184.0625</x10>
			<y10>143.385568</y10>
			<x11>105.3125</x11>
			<y11>136.716473</y11>
		</polygon>
	</object>
</annotation>
