<annotation>
	<folder></folder>
	<filename>57_jpg.rf.eebd2d24b0de99b81d88b32ab9e15426.jpg</filename>
	<path>57_jpg.rf.eebd2d24b0de99b81d88b32ab9e15426.jpg</path>
	<source>
		<database>roboflow.com</database>
	</source>
	<size>
		<width>320</width>
		<height>320</height>
		<depth>3</depth>
	</size>
	<segmented>0</segmented>
	<object>
		<name>license</name>
		<pose>Unspecified</pose>
		<truncated>0</truncated>
		<difficult>0</difficult>
		<occluded>0</occluded>
		<bndbox>
			<xmin>145</xmin>
			<xmax>232</xmax>
			<ymin>108</ymin>
			<ymax>151</ymax>
		</bndbox>
		<polygon>
			<x1>143.75</x1>
			<y1>138.800565</y1>
			<x2>145.9375</x2>
			<y2>142.551931</y2>
			<x3>188.4375</x3>
			<y3>148.387391</y3>
			<x4>226.5625</x4>
			<y4>150.054665</y4>
			<x5>228.125</x5>
			<y5>147.136935</y5>
			<x6>231.25</x6>
			<y6>117.126002</y6>
			<x7>229.0625</x7>
			<y7>115.04191</y7>
			<x8>148.4375</x8>
			<y8>106.705539</y8>
			<x9>144.375</x9>
			<y9>129.630558</y9>
			<x10>143.75</x10>
			<y10>138.800565</y10>
		</polygon>
	</object>
</annotation>
