<annotation>
	<folder></folder>
	<filename>57_jpg.rf.ecc184d13417b06518cddbdbeb35838b.jpg</filename>
	<path>57_jpg.rf.ecc184d13417b06518cddbdbeb35838b.jpg</path>
	<source>
		<database>roboflow.com</database>
	</source>
	<size>
		<width>320</width>
		<height>320</height>
		<depth>3</depth>
	</size>
	<segmented>0</segmented>
	<object>
		<name>license</name>
		<pose>Unspecified</pose>
		<truncated>0</truncated>
		<difficult>0</difficult>
		<occluded>0</occluded>
		<bndbox>
			<xmin>145</xmin>
			<xmax>232</xmax>
			<ymin>108</ymin>
			<ymax>151</ymax>
		</bndbox>
		<polygon>
			<x1>226.5625</x1>
			<y1>150.054665</y1>
			<x2>228.125</x2>
			<y2>147.136935</y2>
			<x3>231.25</x3>
			<y3>117.126002</y3>
			<x4>229.0625</x4>
			<y4>115.04191</y4>
			<x5>148.4375</x5>
			<y5>106.705539</y5>
			<x6>144.375</x6>
			<y6>129.630558</y6>
			<x7>143.75</x7>
			<y7>138.800565</y7>
			<x8>145.9375</x8>
			<y8>142.551931</y8>
			<x9>188.4375</x9>
			<y9>148.387391</y9>
			<x10>226.5625</x10>
			<y10>150.054665</y10>
		</polygon>
	</object>
</annotation>
