<annotation>
	<folder></folder>
	<filename>58_jpg.rf.65e3c445cc026dc112fa00a06f8100bc.jpg</filename>
	<path>58_jpg.rf.65e3c445cc026dc112fa00a06f8100bc.jpg</path>
	<source>
		<database>roboflow.com</database>
	</source>
	<size>
		<width>320</width>
		<height>320</height>
		<depth>3</depth>
	</size>
	<segmented>0</segmented>
	<object>
		<name>license</name>
		<pose>Unspecified</pose>
		<truncated>0</truncated>
		<difficult>0</difficult>
		<occluded>0</occluded>
		<bndbox>
			<xmin>83</xmin>
			<xmax>197</xmax>
			<ymin>126</ymin>
			<ymax>186</ymax>
		</bndbox>
		<polygon>
			<x1>81.875</x1>
			<y1>173.62336</y1>
			<x2>85.3125</x2>
			<y2>179.868805</y2>
			<x3>187.1875</x3>
			<y3>184.865161</y3>
			<x4>190.3125</x4>
			<y4>183.199708</y4>
			<x5>193.125</x5>
			<y5>177.78699</y5>
			<x6>195.625</x6>
			<y6>136.983418</y6>
			<x7>192.8125</x7>
			<y7>130.737974</y7>
			<x8>88.4375</x8>
			<y8>124.908892</y8>
			<x9>84.375</x9>
			<y9>133.652515</y9>
			<x10>81.875</x10>
			<y10>173.62336</y10>
		</polygon>
	</object>
</annotation>
