<annotation>
	<folder></folder>
	<filename>58_jpg.rf.badc48612e504865e82afc29c9a7ed22.jpg</filename>
	<path>58_jpg.rf.badc48612e504865e82afc29c9a7ed22.jpg</path>
	<source>
		<database>roboflow.com</database>
	</source>
	<size>
		<width>320</width>
		<height>320</height>
		<depth>3</depth>
	</size>
	<segmented>0</segmented>
	<object>
		<name>license</name>
		<pose>Unspecified</pose>
		<truncated>0</truncated>
		<difficult>0</difficult>
		<occluded>0</occluded>
		<bndbox>
			<xmin>83</xmin>
			<xmax>197</xmax>
			<ymin>126</ymin>
			<ymax>186</ymax>
		</bndbox>
		<polygon>
			<x1>190.3125</x1>
			<y1>183.199708</y1>
			<x2>193.125</x2>
			<y2>177.78699</y2>
			<x3>195.625</x3>
			<y3>136.983418</y3>
			<x4>192.8125</x4>
			<y4>130.737974</y4>
			<x5>88.4375</x5>
			<y5>124.908892</y5>
			<x6>84.375</x6>
			<y6>133.652515</y6>
			<x7>81.875</x7>
			<y7>173.62336</y7>
			<x8>85.3125</x8>
			<y8>179.868805</y8>
			<x9>187.1875</x9>
			<y9>184.865161</y9>
			<x10>190.3125</x10>
			<y10>183.199708</y10>
		</polygon>
	</object>
</annotation>
