<annotation>
	<folder></folder>
	<filename>59_jpg.rf.9b0e02caef661155a1efef80e84310d9.jpg</filename>
	<path>59_jpg.rf.9b0e02caef661155a1efef80e84310d9.jpg</path>
	<source>
		<database>roboflow.com</database>
	</source>
	<size>
		<width>320</width>
		<height>320</height>
		<depth>3</depth>
	</size>
	<segmented>0</segmented>
	<object>
		<name>license</name>
		<pose>Unspecified</pose>
		<truncated>0</truncated>
		<difficult>0</difficult>
		<occluded>0</occluded>
		<bndbox>
			<xmin>162</xmin>
			<xmax>220</xmax>
			<ymin>156</ymin>
			<ymax>185</ymax>
		</bndbox>
		<polygon>
			<x1>216.5625</x1>
			<y1>159.916318</y1>
			<x2>162.8125</x2>
			<y2>154.918933</y2>
			<x3>161.25</x3>
			<y3>161.165664</y3>
			<x4>161.5625</x4>
			<y4>180.738755</y4>
			<x5>216.875</x5>
			<y5>184.486794</y5>
			<x6>218.75</x6>
			<y6>162.831459</y6>
			<x7>216.5625</x7>
			<y7>159.916318</y7>
		</polygon>
	</object>
</annotation>
