<annotation>
	<folder></folder>
	<filename>5_jpg.rf.fc896ffc53cfc4ba6a37332bbdab9f90.jpg</filename>
	<path>5_jpg.rf.fc896ffc53cfc4ba6a37332bbdab9f90.jpg</path>
	<source>
		<database>roboflow.com</database>
	</source>
	<size>
		<width>320</width>
		<height>320</height>
		<depth>3</depth>
	</size>
	<segmented>0</segmented>
	<object>
		<name>license</name>
		<pose>Unspecified</pose>
		<truncated>0</truncated>
		<difficult>0</difficult>
		<occluded>0</occluded>
		<bndbox>
			<xmin>87</xmin>
			<xmax>232</xmax>
			<ymin>122</ymin>
			<ymax>190</ymax>
		</bndbox>
		<polygon>
			<x1>88.4375</x1>
			<y1>189.02879</y1>
			<x2>228.4375</x2>
			<y2>189.02879</y2>
			<x3>231.25</x3>
			<y3>186.114249</y3>
			<x4>231.25</x4>
			<y4>140.314322</y4>
			<x5>230.625</x5>
			<y5>123.659803</y5>
			<x6>229.0625</x6>
			<y6>120.745262</y6>
			<x7>86.875</x7>
			<y7>121.994351</y7>
			<x8>86.25</x8>
			<y8>185.281523</y8>
			<x9>88.4375</x9>
			<y9>189.02879</y9>
		</polygon>
	</object>
</annotation>
