<annotation>
	<folder></folder>
	<filename>5_jpg.rf.8d04d56d9c994449755a2de46bfea0e5.jpg</filename>
	<path>5_jpg.rf.8d04d56d9c994449755a2de46bfea0e5.jpg</path>
	<source>
		<database>roboflow.com</database>
	</source>
	<size>
		<width>320</width>
		<height>320</height>
		<depth>3</depth>
	</size>
	<segmented>0</segmented>
	<object>
		<name>license</name>
		<pose>Unspecified</pose>
		<truncated>0</truncated>
		<difficult>0</difficult>
		<occluded>0</occluded>
		<bndbox>
			<xmin>87</xmin>
			<xmax>232</xmax>
			<ymin>122</ymin>
			<ymax>190</ymax>
		</bndbox>
		<polygon>
			<x1>231.25</x1>
			<y1>186.114249</y1>
			<x2>231.25</x2>
			<y2>140.314322</y2>
			<x3>230.625</x3>
			<y3>123.659803</y3>
			<x4>229.0625</x4>
			<y4>120.745262</y4>
			<x5>86.875</x5>
			<y5>121.994351</y5>
			<x6>86.25</x6>
			<y6>185.281523</y6>
			<x7>88.4375</x7>
			<y7>189.02879</y7>
			<x8>228.4375</x8>
			<y8>189.02879</y8>
			<x9>231.25</x9>
			<y9>186.114249</y9>
		</polygon>
	</object>
</annotation>
