<annotation>
	<folder></folder>
	<filename>5hbatsdpugla1_jpg.rf.bdf0473b0e3ad5f7dd41239d7945782f.jpg</filename>
	<path>5hbatsdpugla1_jpg.rf.bdf0473b0e3ad5f7dd41239d7945782f.jpg</path>
	<source>
		<database>roboflow.com</database>
	</source>
	<size>
		<width>320</width>
		<height>320</height>
		<depth>3</depth>
	</size>
	<segmented>0</segmented>
	<object>
		<name>license</name>
		<pose>Unspecified</pose>
		<truncated>0</truncated>
		<difficult>0</difficult>
		<occluded>0</occluded>
		<bndbox>
			<xmin>174</xmin>
			<xmax>227</xmax>
			<ymin>201</ymin>
			<ymax>241</ymax>
		</bndbox>
		<polygon>
			<x1>225.82</x1>
			<y1>199.545679</y1>
			<x2>172.625</x2>
			<y2>202.730864</y2>
			<x3>173.16</x3>
			<y3>240.409877</y3>
			<x4>226.085</x4>
			<y4>236.958025</y4>
			<x5>225.82</x5>
			<y5>199.545679</y5>
		</polygon>
	</object>
</annotation>
