<annotation>
	<folder></folder>
	<filename>5hbatsdpugla1_jpg.rf.5882b1e4d7fa7e2bd0659c932106afd3.jpg</filename>
	<path>5hbatsdpugla1_jpg.rf.5882b1e4d7fa7e2bd0659c932106afd3.jpg</path>
	<source>
		<database>roboflow.com</database>
	</source>
	<size>
		<width>320</width>
		<height>320</height>
		<depth>3</depth>
	</size>
	<segmented>0</segmented>
	<object>
		<name>license</name>
		<pose>Unspecified</pose>
		<truncated>0</truncated>
		<difficult>0</difficult>
		<occluded>0</occluded>
		<bndbox>
			<xmin>174</xmin>
			<xmax>227</xmax>
			<ymin>201</ymin>
			<ymax>241</ymax>
		</bndbox>
		<polygon>
			<x1>173.16</x1>
			<y1>240.409877</y1>
			<x2>226.085</x2>
			<y2>236.958025</y2>
			<x3>225.82</x3>
			<y3>199.545679</y3>
			<x4>172.625</x4>
			<y4>202.730864</y4>
			<x5>173.16</x5>
			<y5>240.409877</y5>
		</polygon>
	</object>
</annotation>
