<annotation>
	<folder></folder>
	<filename>60_jpg.rf.4a4919514b09110563b348fd62ddfad4.jpg</filename>
	<path>60_jpg.rf.4a4919514b09110563b348fd62ddfad4.jpg</path>
	<source>
		<database>roboflow.com</database>
	</source>
	<size>
		<width>320</width>
		<height>320</height>
		<depth>3</depth>
	</size>
	<segmented>0</segmented>
	<object>
		<name>license</name>
		<pose>Unspecified</pose>
		<truncated>0</truncated>
		<difficult>0</difficult>
		<occluded>0</occluded>
		<bndbox>
			<xmin>111</xmin>
			<xmax>185</xmax>
			<ymin>143</ymin>
			<ymax>179</ymax>
		</bndbox>
		<polygon>
			<x1>175.3125</x1>
			<y1>142.5</y1>
			<x2>111.5625</x2>
			<y2>141.5625</y2>
			<x3>110</x3>
			<y3>155.15625</y3>
			<x4>110.3125</x4>
			<y4>178.125</y4>
			<x5>182.1875</x5>
			<y5>178.125</y5>
			<x6>183.75</x6>
			<y6>144.84375</y6>
			<x7>175.3125</x7>
			<y7>142.5</y7>
		</polygon>
	</object>
</annotation>
