<annotation>
	<folder></folder>
	<filename>60thcifjcffa1_jpg.rf.7a6fb39c9e67b3509f48ffae73cf0922.jpg</filename>
	<path>60thcifjcffa1_jpg.rf.7a6fb39c9e67b3509f48ffae73cf0922.jpg</path>
	<source>
		<database>roboflow.com</database>
	</source>
	<size>
		<width>320</width>
		<height>320</height>
		<depth>3</depth>
	</size>
	<segmented>0</segmented>
	<object>
		<name>license</name>
		<pose>Unspecified</pose>
		<truncated>0</truncated>
		<difficult>0</difficult>
		<occluded>0</occluded>
		<bndbox>
			<xmin>157</xmin>
			<xmax>203</xmax>
			<ymin>209</ymin>
			<ymax>238</ymax>
		</bndbox>
		<polygon>
			<x1>155.955</x1>
			<y1>236.687938</y1>
			<x2>201.77</x2>
			<y2>236.158755</y2>
			<x3>201.555</x3>
			<y3>207.501946</y3>
			<x4>155.955</x4>
			<y4>208.298833</y4>
			<x5>155.955</x5>
			<y5>236.687938</y5>
		</polygon>
	</object>
</annotation>
