<annotation>
	<folder></folder>
	<filename>60thcifjcffa1_jpg.rf.8fbd05b0a89c9a586ab6feb9c575e94c.jpg</filename>
	<path>60thcifjcffa1_jpg.rf.8fbd05b0a89c9a586ab6feb9c575e94c.jpg</path>
	<source>
		<database>roboflow.com</database>
	</source>
	<size>
		<width>320</width>
		<height>320</height>
		<depth>3</depth>
	</size>
	<segmented>0</segmented>
	<object>
		<name>license</name>
		<pose>Unspecified</pose>
		<truncated>0</truncated>
		<difficult>0</difficult>
		<occluded>0</occluded>
		<bndbox>
			<xmin>157</xmin>
			<xmax>203</xmax>
			<ymin>209</ymin>
			<ymax>238</ymax>
		</bndbox>
		<polygon>
			<x1>201.555</x1>
			<y1>207.501946</y1>
			<x2>155.955</x2>
			<y2>208.298833</y2>
			<x3>155.955</x3>
			<y3>236.687938</y3>
			<x4>201.77</x4>
			<y4>236.158755</y4>
			<x5>201.555</x5>
			<y5>207.501946</y5>
		</polygon>
	</object>
</annotation>
