<annotation>
	<folder></folder>
	<filename>61do0lolkgla1_jpg.rf.75491158fe3833158222a6d6d3e23356.jpg</filename>
	<path>61do0lolkgla1_jpg.rf.75491158fe3833158222a6d6d3e23356.jpg</path>
	<source>
		<database>roboflow.com</database>
	</source>
	<size>
		<width>320</width>
		<height>320</height>
		<depth>3</depth>
	</size>
	<segmented>0</segmented>
	<object>
		<name>license</name>
		<pose>Unspecified</pose>
		<truncated>0</truncated>
		<difficult>0</difficult>
		<occluded>0</occluded>
		<bndbox>
			<xmin>153</xmin>
			<xmax>204</xmax>
			<ymin>145</ymin>
			<ymax>177</ymax>
		</bndbox>
		<polygon>
			<x1>152.1</x1>
			<y1>175.656747</y1>
			<x2>203.14</x2>
			<y2>176.188235</y2>
			<x3>203.38</x3>
			<y3>144.608997</y3>
			<x4>152.335</x4>
			<y4>143.817301</y4>
			<x5>152.1</x5>
			<y5>175.656747</y5>
		</polygon>
	</object>
</annotation>
