<annotation>
	<folder></folder>
	<filename>61do0lolkgla1_jpg.rf.cb790b577437da3b896c6211cccb467c.jpg</filename>
	<path>61do0lolkgla1_jpg.rf.cb790b577437da3b896c6211cccb467c.jpg</path>
	<source>
		<database>roboflow.com</database>
	</source>
	<size>
		<width>320</width>
		<height>320</height>
		<depth>3</depth>
	</size>
	<segmented>0</segmented>
	<object>
		<name>license</name>
		<pose>Unspecified</pose>
		<truncated>0</truncated>
		<difficult>0</difficult>
		<occluded>0</occluded>
		<bndbox>
			<xmin>153</xmin>
			<xmax>204</xmax>
			<ymin>145</ymin>
			<ymax>177</ymax>
		</bndbox>
		<polygon>
			<x1>203.38</x1>
			<y1>144.608997</y1>
			<x2>152.335</x2>
			<y2>143.817301</y2>
			<x3>152.1</x3>
			<y3>175.656747</y3>
			<x4>203.14</x4>
			<y4>176.188235</y4>
			<x5>203.38</x5>
			<y5>144.608997</y5>
		</polygon>
	</object>
</annotation>
