<annotation>
	<folder></folder>
	<filename>63_jpg.rf.166ac6e9fc26be13546e675f09db731a.jpg</filename>
	<path>63_jpg.rf.166ac6e9fc26be13546e675f09db731a.jpg</path>
	<source>
		<database>roboflow.com</database>
	</source>
	<size>
		<width>320</width>
		<height>320</height>
		<depth>3</depth>
	</size>
	<segmented>0</segmented>
	<object>
		<name>license</name>
		<pose>Unspecified</pose>
		<truncated>0</truncated>
		<difficult>0</difficult>
		<occluded>0</occluded>
		<bndbox>
			<xmin>89</xmin>
			<xmax>159</xmax>
			<ymin>174</ymin>
			<ymax>213</ymax>
		</bndbox>
		<polygon>
			<x1>158.125</x1>
			<y1>181.316053</y1>
			<x2>156.5625</x2>
			<y2>179.231961</y2>
			<x3>96.5625</x3>
			<y3>173.396501</y3>
			<x4>88.125</x4>
			<y4>174.646957</y4>
			<x5>88.4375</x5>
			<y5>205.908346</y5>
			<x6>142.8125</x6>
			<y6>211.743805</y6>
			<x7>156.875</x7>
			<y7>211.326986</y7>
			<x8>158.125</x8>
			<y8>181.316053</y8>
		</polygon>
	</object>
</annotation>
