<annotation>
	<folder></folder>
	<filename>63_jpg.rf.b7a412cfe1292725d42bba6cb921d01c.jpg</filename>
	<path>63_jpg.rf.b7a412cfe1292725d42bba6cb921d01c.jpg</path>
	<source>
		<database>roboflow.com</database>
	</source>
	<size>
		<width>320</width>
		<height>320</height>
		<depth>3</depth>
	</size>
	<segmented>0</segmented>
	<object>
		<name>license</name>
		<pose>Unspecified</pose>
		<truncated>0</truncated>
		<difficult>0</difficult>
		<occluded>0</occluded>
		<bndbox>
			<xmin>89</xmin>
			<xmax>159</xmax>
			<ymin>174</ymin>
			<ymax>213</ymax>
		</bndbox>
		<polygon>
			<x1>156.875</x1>
			<y1>211.326986</y1>
			<x2>158.125</x2>
			<y2>181.316053</y2>
			<x3>156.5625</x3>
			<y3>179.231961</y3>
			<x4>96.5625</x4>
			<y4>173.396501</y4>
			<x5>88.125</x5>
			<y5>174.646957</y5>
			<x6>88.4375</x6>
			<y6>205.908346</y6>
			<x7>142.8125</x7>
			<y7>211.743805</y7>
			<x8>156.875</x8>
			<y8>211.326986</y8>
		</polygon>
	</object>
</annotation>
