<annotation>
	<folder></folder>
	<filename>64_jpg.rf.ab31f425a1df5ced4853055f55069be2.jpg</filename>
	<path>64_jpg.rf.ab31f425a1df5ced4853055f55069be2.jpg</path>
	<source>
		<database>roboflow.com</database>
	</source>
	<size>
		<width>320</width>
		<height>320</height>
		<depth>3</depth>
	</size>
	<segmented>0</segmented>
	<object>
		<name>license</name>
		<pose>Unspecified</pose>
		<truncated>0</truncated>
		<difficult>0</difficult>
		<occluded>0</occluded>
		<bndbox>
			<xmin>104</xmin>
			<xmax>197</xmax>
			<ymin>138</ymin>
			<ymax>186</ymax>
		</bndbox>
		<polygon>
			<x1>104.0625</x1>
			<y1>136.716473</y1>
			<x2>102.5</x2>
			<y2>138.800565</y2>
			<x3>103.125</x3>
			<y3>165.47695</y3>
			<x4>103.75</x4>
			<y4>172.979683</y4>
			<x5>106.5625</x5>
			<y5>175.897412</y5>
			<x6>185.3125</x6>
			<y6>185.06742</y6>
			<x7>194.6875</x7>
			<y7>185.06742</y7>
			<x8>196.25</x8>
			<y8>182.14969</y8>
			<x9>195.625</x9>
			<y9>152.138757</y9>
			<x10>192.8125</x10>
			<y10>146.720117</y10>
			<x11>104.0625</x11>
			<y11>136.716473</y11>
		</polygon>
	</object>
</annotation>
