<annotation>
	<folder></folder>
	<filename>64_jpg.rf.79ebfde49db5d8d2abdb8adf9fdca0d0.jpg</filename>
	<path>64_jpg.rf.79ebfde49db5d8d2abdb8adf9fdca0d0.jpg</path>
	<source>
		<database>roboflow.com</database>
	</source>
	<size>
		<width>320</width>
		<height>320</height>
		<depth>3</depth>
	</size>
	<segmented>0</segmented>
	<object>
		<name>license</name>
		<pose>Unspecified</pose>
		<truncated>0</truncated>
		<difficult>0</difficult>
		<occluded>0</occluded>
		<bndbox>
			<xmin>104</xmin>
			<xmax>197</xmax>
			<ymin>138</ymin>
			<ymax>186</ymax>
		</bndbox>
		<polygon>
			<x1>106.5625</x1>
			<y1>175.897412</y1>
			<x2>185.3125</x2>
			<y2>185.06742</y2>
			<x3>194.6875</x3>
			<y3>185.06742</y3>
			<x4>196.25</x4>
			<y4>182.14969</y4>
			<x5>195.625</x5>
			<y5>152.138757</y5>
			<x6>192.8125</x6>
			<y6>146.720117</y6>
			<x7>104.0625</x7>
			<y7>136.716473</y7>
			<x8>102.5</x8>
			<y8>138.800565</y8>
			<x9>103.125</x9>
			<y9>165.47695</y9>
			<x10>103.75</x10>
			<y10>172.979683</y10>
			<x11>106.5625</x11>
			<y11>175.897412</y11>
		</polygon>
	</object>
</annotation>
