<annotation>
	<folder></folder>
	<filename>65_jpg.rf.ac7ffcd54f486f72b0b90a9614b5087c.jpg</filename>
	<path>65_jpg.rf.ac7ffcd54f486f72b0b90a9614b5087c.jpg</path>
	<source>
		<database>roboflow.com</database>
	</source>
	<size>
		<width>320</width>
		<height>320</height>
		<depth>3</depth>
	</size>
	<segmented>0</segmented>
	<object>
		<name>license</name>
		<pose>Unspecified</pose>
		<truncated>0</truncated>
		<difficult>0</difficult>
		<occluded>0</occluded>
		<bndbox>
			<xmin>139</xmin>
			<xmax>213</xmax>
			<ymin>143</ymin>
			<ymax>194</ymax>
		</bndbox>
		<polygon>
			<x1>207.1875</x1>
			<y1>192.823713</y1>
			<x2>209.375</x2>
			<y2>188.611544</y2>
			<x3>211.875</x3>
			<y3>157.722309</y3>
			<x4>209.0625</x4>
			<y4>155.382215</y4>
			<x5>142.8125</x5>
			<y5>142.277691</y5>
			<x6>139.375</x6>
			<y6>159.594384</y6>
			<x7>138.125</x7>
			<y7>175.50702</y7>
			<x8>140.3125</x8>
			<y8>178.783151</y8>
			<x9>204.0625</x9>
			<y9>192.823713</y9>
			<x10>207.1875</x10>
			<y10>192.823713</y10>
		</polygon>
	</object>
</annotation>
