<annotation>
	<folder></folder>
	<filename>65_jpg.rf.03389a2d18e2286371adf98e1afe1f8c.jpg</filename>
	<path>65_jpg.rf.03389a2d18e2286371adf98e1afe1f8c.jpg</path>
	<source>
		<database>roboflow.com</database>
	</source>
	<size>
		<width>320</width>
		<height>320</height>
		<depth>3</depth>
	</size>
	<segmented>0</segmented>
	<object>
		<name>license</name>
		<pose>Unspecified</pose>
		<truncated>0</truncated>
		<difficult>0</difficult>
		<occluded>0</occluded>
		<bndbox>
			<xmin>139</xmin>
			<xmax>213</xmax>
			<ymin>143</ymin>
			<ymax>194</ymax>
		</bndbox>
		<polygon>
			<x1>138.125</x1>
			<y1>175.50702</y1>
			<x2>140.3125</x2>
			<y2>178.783151</y2>
			<x3>204.0625</x3>
			<y3>192.823713</y3>
			<x4>207.1875</x4>
			<y4>192.823713</y4>
			<x5>209.375</x5>
			<y5>188.611544</y5>
			<x6>211.875</x6>
			<y6>157.722309</y6>
			<x7>209.0625</x7>
			<y7>155.382215</y7>
			<x8>142.8125</x8>
			<y8>142.277691</y8>
			<x9>139.375</x9>
			<y9>159.594384</y9>
			<x10>138.125</x10>
			<y10>175.50702</y10>
		</polygon>
	</object>
</annotation>
