<annotation>
	<folder></folder>
	<filename>67_jpg.rf.4e4f69d05a42b0c944a9afa3f97c70de.jpg</filename>
	<path>67_jpg.rf.4e4f69d05a42b0c944a9afa3f97c70de.jpg</path>
	<source>
		<database>roboflow.com</database>
	</source>
	<size>
		<width>320</width>
		<height>320</height>
		<depth>3</depth>
	</size>
	<segmented>0</segmented>
	<object>
		<name>license</name>
		<pose>Unspecified</pose>
		<truncated>0</truncated>
		<difficult>0</difficult>
		<occluded>0</occluded>
		<bndbox>
			<xmin>96</xmin>
			<xmax>147</xmax>
			<ymin>175</ymin>
			<ymax>202</ymax>
		</bndbox>
		<polygon>
			<x1>145</x1>
			<y1>181.117893</y1>
			<x2>142.8125</x2>
			<y2>174.039723</y2>
			<x3>95.9375</x3>
			<y3>177.370627</y3>
			<x4>95</x4>
			<y4>186.114249</y4>
			<x5>96.5625</x5>
			<y5>200.686953</y5>
			<x6>145.625</x6>
			<y6>197.772412</y6>
			<x7>145</x7>
			<y7>181.117893</y7>
		</polygon>
	</object>
</annotation>
