<annotation>
	<folder></folder>
	<filename>68_jpg.rf.6461a5daf7fb9bbeb24aaf998d87505b.jpg</filename>
	<path>68_jpg.rf.6461a5daf7fb9bbeb24aaf998d87505b.jpg</path>
	<source>
		<database>roboflow.com</database>
	</source>
	<size>
		<width>320</width>
		<height>320</height>
		<depth>3</depth>
	</size>
	<segmented>0</segmented>
	<object>
		<name>license</name>
		<pose>Unspecified</pose>
		<truncated>0</truncated>
		<difficult>0</difficult>
		<occluded>0</occluded>
		<bndbox>
			<xmin>131</xmin>
			<xmax>215</xmax>
			<ymin>176</ymin>
			<ymax>224</ymax>
		</bndbox>
		<polygon>
			<x1>130.3125</x1>
			<y1>215.078353</y1>
			<x2>204.6875</x2>
			<y2>222.581086</y2>
			<x3>210.9375</x3>
			<y3>222.581086</y3>
			<x4>212.5</x4>
			<y4>219.663356</y4>
			<x5>213.75</x5>
			<y5>186.317875</y5>
			<x6>212.1875</x6>
			<y6>182.566509</y6>
			<x7>133.4375</x7>
			<y7>175.063776</y7>
			<x8>130.625</x8>
			<y8>177.147868</y8>
			<x9>130</x9>
			<y9>182.14969</y9>
			<x10>130.3125</x10>
			<y10>215.078353</y10>
		</polygon>
	</object>
</annotation>
