<annotation>
	<folder></folder>
	<filename>68_jpg.rf.a3045356fe7fa5a2da78c2bce1f0aa87.jpg</filename>
	<path>68_jpg.rf.a3045356fe7fa5a2da78c2bce1f0aa87.jpg</path>
	<source>
		<database>roboflow.com</database>
	</source>
	<size>
		<width>320</width>
		<height>320</height>
		<depth>3</depth>
	</size>
	<segmented>0</segmented>
	<object>
		<name>license</name>
		<pose>Unspecified</pose>
		<truncated>0</truncated>
		<difficult>0</difficult>
		<occluded>0</occluded>
		<bndbox>
			<xmin>131</xmin>
			<xmax>215</xmax>
			<ymin>176</ymin>
			<ymax>224</ymax>
		</bndbox>
		<polygon>
			<x1>212.5</x1>
			<y1>219.663356</y1>
			<x2>213.75</x2>
			<y2>186.317875</y2>
			<x3>212.1875</x3>
			<y3>182.566509</y3>
			<x4>133.4375</x4>
			<y4>175.063776</y4>
			<x5>130.625</x5>
			<y5>177.147868</y5>
			<x6>130</x6>
			<y6>182.14969</y6>
			<x7>130.3125</x7>
			<y7>215.078353</y7>
			<x8>204.6875</x8>
			<y8>222.581086</y8>
			<x9>210.9375</x9>
			<y9>222.581086</y9>
			<x10>212.5</x10>
			<y10>219.663356</y10>
		</polygon>
	</object>
</annotation>
