<annotation>
	<folder></folder>
	<filename>6_jpg.rf.bf5e5c6676d254f809cccfbd24e36890.jpg</filename>
	<path>6_jpg.rf.bf5e5c6676d254f809cccfbd24e36890.jpg</path>
	<source>
		<database>roboflow.com</database>
	</source>
	<size>
		<width>320</width>
		<height>320</height>
		<depth>3</depth>
	</size>
	<segmented>0</segmented>
	<object>
		<name>license</name>
		<pose>Unspecified</pose>
		<truncated>0</truncated>
		<difficult>0</difficult>
		<occluded>0</occluded>
		<bndbox>
			<xmin>93</xmin>
			<xmax>222</xmax>
			<ymin>169</ymin>
			<ymax>252</ymax>
		</bndbox>
		<polygon>
			<x1>100.9375</x1>
			<y1>248.985058</y1>
			<x2>217.8125</x2>
			<y2>251.483236</y2>
			<x3>220.625</x3>
			<y3>247.735969</y3>
			<x4>216.875</x4>
			<y4>184.448797</y4>
			<x5>215</x5>
			<y5>176.121538</y5>
			<x6>212.1875</x6>
			<y6>173.206997</y6>
			<x7>197.1875</x7>
			<y7>170.708819</y7>
			<x8>98.4375</x8>
			<y8>168.210641</y8>
			<x9>94.6875</x9>
			<y9>169.876093</y9>
			<x10>92.5</x10>
			<y10>175.288812</y10>
			<x11>91.875</x11>
			<y11>199.437864</y11>
			<x12>93.75</x12>
			<y12>231.914177</y12>
			<x13>96.25</x13>
			<y13>244.405065</y13>
			<x14>100.9375</x14>
			<y14>248.985058</y14>
		</polygon>
	</object>
</annotation>
