<annotation>
	<folder></folder>
	<filename>6_jpg.rf.8de4e9e65e706e3f02a7da8efbe140c6.jpg</filename>
	<path>6_jpg.rf.8de4e9e65e706e3f02a7da8efbe140c6.jpg</path>
	<source>
		<database>roboflow.com</database>
	</source>
	<size>
		<width>320</width>
		<height>320</height>
		<depth>3</depth>
	</size>
	<segmented>0</segmented>
	<object>
		<name>license</name>
		<pose>Unspecified</pose>
		<truncated>0</truncated>
		<difficult>0</difficult>
		<occluded>0</occluded>
		<bndbox>
			<xmin>93</xmin>
			<xmax>222</xmax>
			<ymin>169</ymin>
			<ymax>252</ymax>
		</bndbox>
		<polygon>
			<x1>197.1875</x1>
			<y1>170.708819</y1>
			<x2>98.4375</x2>
			<y2>168.210641</y2>
			<x3>94.6875</x3>
			<y3>169.876093</y3>
			<x4>92.5</x4>
			<y4>175.288812</y4>
			<x5>91.875</x5>
			<y5>199.437864</y5>
			<x6>93.75</x6>
			<y6>231.914177</y6>
			<x7>96.25</x7>
			<y7>244.405065</y7>
			<x8>100.9375</x8>
			<y8>248.985058</y8>
			<x9>217.8125</x9>
			<y9>251.483236</y9>
			<x10>220.625</x10>
			<y10>247.735969</y10>
			<x11>216.875</x11>
			<y11>184.448797</y11>
			<x12>215</x12>
			<y12>176.121538</y12>
			<x13>212.1875</x13>
			<y13>173.206997</y13>
			<x14>197.1875</x14>
			<y14>170.708819</y14>
		</polygon>
	</object>
</annotation>
