<annotation>
	<folder></folder>
	<filename>6k5yofm5stna1_jpg.rf.400c74c2e262eaa457b9ccb9fc255f7a.jpg</filename>
	<path>6k5yofm5stna1_jpg.rf.400c74c2e262eaa457b9ccb9fc255f7a.jpg</path>
	<source>
		<database>roboflow.com</database>
	</source>
	<size>
		<width>320</width>
		<height>320</height>
		<depth>3</depth>
	</size>
	<segmented>0</segmented>
	<object>
		<name>license</name>
		<pose>Unspecified</pose>
		<truncated>0</truncated>
		<difficult>0</difficult>
		<occluded>0</occluded>
		<bndbox>
			<xmin>112</xmin>
			<xmax>203</xmax>
			<ymin>191</ymin>
			<ymax>252</ymax>
		</bndbox>
		<polygon>
			<x1>201.945</x1>
			<y1>189.725458</y1>
			<x2>111.355</x2>
			<y2>191.3222</y2>
			<x3>110.545</x3>
			<y3>251.020774</y3>
			<x4>202.35</x4>
			<y4>249.43055</y4>
			<x5>201.945</x5>
			<y5>189.725458</y5>
		</polygon>
	</object>
</annotation>
