<annotation>
	<folder></folder>
	<filename>6k5yofm5stna1_jpg.rf.05296374d42fbb2d0e875eb1f66305a5.jpg</filename>
	<path>6k5yofm5stna1_jpg.rf.05296374d42fbb2d0e875eb1f66305a5.jpg</path>
	<source>
		<database>roboflow.com</database>
	</source>
	<size>
		<width>320</width>
		<height>320</height>
		<depth>3</depth>
	</size>
	<segmented>0</segmented>
	<object>
		<name>license</name>
		<pose>Unspecified</pose>
		<truncated>0</truncated>
		<difficult>0</difficult>
		<occluded>0</occluded>
		<bndbox>
			<xmin>112</xmin>
			<xmax>203</xmax>
			<ymin>191</ymin>
			<ymax>252</ymax>
		</bndbox>
		<polygon>
			<x1>110.545</x1>
			<y1>251.020774</y1>
			<x2>202.35</x2>
			<y2>249.43055</y2>
			<x3>201.945</x3>
			<y3>189.725458</y3>
			<x4>111.355</x4>
			<y4>191.3222</y4>
			<x5>110.545</x5>
			<y5>251.020774</y5>
		</polygon>
	</object>
</annotation>
