<annotation>
	<folder></folder>
	<filename>6kryid75ytka1_jpg.rf.266684f3a19f7f32ec106997e2cf259d.jpg</filename>
	<path>6kryid75ytka1_jpg.rf.266684f3a19f7f32ec106997e2cf259d.jpg</path>
	<source>
		<database>roboflow.com</database>
	</source>
	<size>
		<width>320</width>
		<height>320</height>
		<depth>3</depth>
	</size>
	<segmented>0</segmented>
	<object>
		<name>license</name>
		<pose>Unspecified</pose>
		<truncated>0</truncated>
		<difficult>0</difficult>
		<occluded>0</occluded>
		<bndbox>
			<xmin>154</xmin>
			<xmax>202</xmax>
			<ymin>226</ymin>
			<ymax>249</ymax>
		</bndbox>
		<polygon>
			<x1>152.5</x1>
			<y1>247.546269</y1>
			<x2>201.39</x2>
			<y2>247.560597</y2>
			<x3>201.39</x3>
			<y3>224.740299</y3>
			<x4>153.335</x4>
			<y4>224.740299</y4>
			<x5>152.5</x5>
			<y5>247.546269</y5>
		</polygon>
	</object>
</annotation>
