<annotation>
	<folder></folder>
	<filename>6kryid75ytka1_jpg.rf.99ad2ed7da3bfb1aff2b6fca751e645e.jpg</filename>
	<path>6kryid75ytka1_jpg.rf.99ad2ed7da3bfb1aff2b6fca751e645e.jpg</path>
	<source>
		<database>roboflow.com</database>
	</source>
	<size>
		<width>320</width>
		<height>320</height>
		<depth>3</depth>
	</size>
	<segmented>0</segmented>
	<object>
		<name>license</name>
		<pose>Unspecified</pose>
		<truncated>0</truncated>
		<difficult>0</difficult>
		<occluded>0</occluded>
		<bndbox>
			<xmin>154</xmin>
			<xmax>202</xmax>
			<ymin>226</ymin>
			<ymax>249</ymax>
		</bndbox>
		<polygon>
			<x1>201.39</x1>
			<y1>224.740299</y1>
			<x2>153.335</x2>
			<y2>224.740299</y2>
			<x3>152.5</x3>
			<y3>247.546269</y3>
			<x4>201.39</x4>
			<y4>247.560597</y4>
			<x5>201.39</x5>
			<y5>224.740299</y5>
		</polygon>
	</object>
</annotation>
