<annotation>
	<folder></folder>
	<filename>6sx77qfh4fca1_jpg.rf.86cbe8c245ce693a78b39305d1079610.jpg</filename>
	<path>6sx77qfh4fca1_jpg.rf.86cbe8c245ce693a78b39305d1079610.jpg</path>
	<source>
		<database>roboflow.com</database>
	</source>
	<size>
		<width>320</width>
		<height>320</height>
		<depth>3</depth>
	</size>
	<segmented>0</segmented>
	<object>
		<name>license</name>
		<pose>Unspecified</pose>
		<truncated>0</truncated>
		<difficult>0</difficult>
		<occluded>0</occluded>
		<bndbox>
			<xmin>67</xmin>
			<xmax>222</xmax>
			<ymin>35</ymin>
			<ymax>228</ymax>
		</bndbox>
		<polygon>
			<x1>205.375</x1>
			<y1>34.497778</y1>
			<x2>66.42</x2>
			<y2>67.662222</y2>
			<x3>81.94</x3>
			<y3>227.128889</y3>
			<x4>221.045</x4>
			<y4>184.942222</y4>
			<x5>205.375</x5>
			<y5>34.497778</y5>
		</polygon>
	</object>
</annotation>
