<annotation>
	<folder></folder>
	<filename>6tojxy6qmeka1_jpg.rf.3463604568aac094534797c588063a77.jpg</filename>
	<path>6tojxy6qmeka1_jpg.rf.3463604568aac094534797c588063a77.jpg</path>
	<source>
		<database>roboflow.com</database>
	</source>
	<size>
		<width>320</width>
		<height>320</height>
		<depth>3</depth>
	</size>
	<segmented>0</segmented>
	<object>
		<name>license</name>
		<pose>Unspecified</pose>
		<truncated>0</truncated>
		<difficult>0</difficult>
		<occluded>0</occluded>
		<bndbox>
			<xmin>133</xmin>
			<xmax>190</xmax>
			<ymin>159</ymin>
			<ymax>189</ymax>
		</bndbox>
		<polygon>
			<x1>132.14</x1>
			<y1>187.86</y1>
			<x2>188.92</x2>
			<y2>187.86</y2>
			<x3>189.455</x3>
			<y3>158.675</y3>
			<x4>132.405</x4>
			<y4>158.145</y4>
			<x5>132.14</x5>
			<y5>187.86</y5>
		</polygon>
	</object>
</annotation>
