<annotation>
	<folder></folder>
	<filename>6tojxy6qmeka1_jpg.rf.a3652fb604fc17441bff124f013dff56.jpg</filename>
	<path>6tojxy6qmeka1_jpg.rf.a3652fb604fc17441bff124f013dff56.jpg</path>
	<source>
		<database>roboflow.com</database>
	</source>
	<size>
		<width>320</width>
		<height>320</height>
		<depth>3</depth>
	</size>
	<segmented>0</segmented>
	<object>
		<name>license</name>
		<pose>Unspecified</pose>
		<truncated>0</truncated>
		<difficult>0</difficult>
		<occluded>0</occluded>
		<bndbox>
			<xmin>133</xmin>
			<xmax>190</xmax>
			<ymin>159</ymin>
			<ymax>189</ymax>
		</bndbox>
		<polygon>
			<x1>189.455</x1>
			<y1>158.675</y1>
			<x2>132.405</x2>
			<y2>158.145</y2>
			<x3>132.14</x3>
			<y3>187.86</y3>
			<x4>188.92</x4>
			<y4>187.86</y4>
			<x5>189.455</x5>
			<y5>158.675</y5>
		</polygon>
	</object>
</annotation>
