<annotation>
	<folder></folder>
	<filename>6zval7k05nfa1_jpg.rf.47077443b4eba2de7c5c2c4c1ec489e7.jpg</filename>
	<path>6zval7k05nfa1_jpg.rf.47077443b4eba2de7c5c2c4c1ec489e7.jpg</path>
	<source>
		<database>roboflow.com</database>
	</source>
	<size>
		<width>320</width>
		<height>320</height>
		<depth>3</depth>
	</size>
	<segmented>0</segmented>
	<object>
		<name>license</name>
		<pose>Unspecified</pose>
		<truncated>0</truncated>
		<difficult>0</difficult>
		<occluded>0</occluded>
		<bndbox>
			<xmin>208</xmin>
			<xmax>245</xmax>
			<ymin>153</ymin>
			<ymax>184</ymax>
		</bndbox>
		<polygon>
			<x1>241.195</x1>
			<y1>151.506667</y1>
			<x2>207.165</x2>
			<y2>156.02</y2>
			<x3>209.55</x3>
			<y3>183.086667</y3>
			<x4>244.18</x4>
			<y4>178.573333</y4>
			<x5>241.195</x5>
			<y5>151.506667</y5>
		</polygon>
	</object>
</annotation>
