<annotation>
	<folder></folder>
	<filename>6zval7k05nfa1_jpg.rf.14516185616181cd5c4b1bf6efe305ec.jpg</filename>
	<path>6zval7k05nfa1_jpg.rf.14516185616181cd5c4b1bf6efe305ec.jpg</path>
	<source>
		<database>roboflow.com</database>
	</source>
	<size>
		<width>320</width>
		<height>320</height>
		<depth>3</depth>
	</size>
	<segmented>0</segmented>
	<object>
		<name>license</name>
		<pose>Unspecified</pose>
		<truncated>0</truncated>
		<difficult>0</difficult>
		<occluded>0</occluded>
		<bndbox>
			<xmin>208</xmin>
			<xmax>245</xmax>
			<ymin>153</ymin>
			<ymax>184</ymax>
		</bndbox>
		<polygon>
			<x1>209.55</x1>
			<y1>183.086667</y1>
			<x2>244.18</x2>
			<y2>178.573333</y2>
			<x3>241.195</x3>
			<y3>151.506667</y3>
			<x4>207.165</x4>
			<y4>156.02</y4>
			<x5>209.55</x5>
			<y5>183.086667</y5>
		</polygon>
	</object>
</annotation>
