<annotation>
	<folder></folder>
	<filename>70_jpg.rf.b6d51c419ced739b5fb9b5886a79239b.jpg</filename>
	<path>70_jpg.rf.b6d51c419ced739b5fb9b5886a79239b.jpg</path>
	<source>
		<database>roboflow.com</database>
	</source>
	<size>
		<width>320</width>
		<height>320</height>
		<depth>3</depth>
	</size>
	<segmented>0</segmented>
	<object>
		<name>license</name>
		<pose>Unspecified</pose>
		<truncated>0</truncated>
		<difficult>0</difficult>
		<occluded>0</occluded>
		<bndbox>
			<xmin>120</xmin>
			<xmax>207</xmax>
			<ymin>128</ymin>
			<ymax>179</ymax>
		</bndbox>
		<polygon>
			<x1>118.75</x1>
			<y1>128.79692</y1>
			<x2>119.375</x2>
			<y2>159.64149</y2>
			<x3>120.625</x3>
			<y3>165.47695</y3>
			<x4>122.8125</x4>
			<y4>167.561042</y4>
			<x5>200.9375</x5>
			<y5>177.564687</y5>
			<x6>205</x6>
			<y6>176.314231</y6>
			<x7>205.625</x7>
			<y7>138.800565</y7>
			<x8>204.0625</x8>
			<y8>135.882835</y8>
			<x9>120.3125</x9>
			<y9>126.712828</y9>
			<x10>118.75</x10>
			<y10>128.79692</y10>
		</polygon>
	</object>
</annotation>
