<annotation>
	<folder></folder>
	<filename>70_jpg.rf.58384ae5fd6773a7aa1967820c07b183.jpg</filename>
	<path>70_jpg.rf.58384ae5fd6773a7aa1967820c07b183.jpg</path>
	<source>
		<database>roboflow.com</database>
	</source>
	<size>
		<width>320</width>
		<height>320</height>
		<depth>3</depth>
	</size>
	<segmented>0</segmented>
	<object>
		<name>license</name>
		<pose>Unspecified</pose>
		<truncated>0</truncated>
		<difficult>0</difficult>
		<occluded>0</occluded>
		<bndbox>
			<xmin>120</xmin>
			<xmax>207</xmax>
			<ymin>128</ymin>
			<ymax>179</ymax>
		</bndbox>
		<polygon>
			<x1>122.8125</x1>
			<y1>167.561042</y1>
			<x2>200.9375</x2>
			<y2>177.564687</y2>
			<x3>205</x3>
			<y3>176.314231</y3>
			<x4>205.625</x4>
			<y4>138.800565</y4>
			<x5>204.0625</x5>
			<y5>135.882835</y5>
			<x6>120.3125</x6>
			<y6>126.712828</y6>
			<x7>118.75</x7>
			<y7>128.79692</y7>
			<x8>119.375</x8>
			<y8>159.64149</y8>
			<x9>120.625</x9>
			<y9>165.47695</y9>
			<x10>122.8125</x10>
			<y10>167.561042</y10>
		</polygon>
	</object>
</annotation>
