<annotation>
	<folder></folder>
	<filename>71_jpg.rf.f107ea1ea776b5fb7ebbe5539a40ba22.jpg</filename>
	<path>71_jpg.rf.f107ea1ea776b5fb7ebbe5539a40ba22.jpg</path>
	<source>
		<database>roboflow.com</database>
	</source>
	<size>
		<width>320</width>
		<height>320</height>
		<depth>3</depth>
	</size>
	<segmented>0</segmented>
	<object>
		<name>license</name>
		<pose>Unspecified</pose>
		<truncated>0</truncated>
		<difficult>0</difficult>
		<occluded>0</occluded>
		<bndbox>
			<xmin>136</xmin>
			<xmax>213</xmax>
			<ymin>166</ymin>
			<ymax>202</ymax>
		</bndbox>
		<polygon>
			<x1>211.875</x1>
			<y1>197.155157</y1>
			<x2>211.5625</x2>
			<y2>166.727405</y2>
			<x3>135.625</x3>
			<y3>165.47695</y3>
			<x4>135</x4>
			<y4>197.988794</y4>
			<x5>136.5625</x5>
			<y5>199.239249</y5>
			<x6>208.4375</x6>
			<y6>200.906523</y6>
			<x7>211.875</x7>
			<y7>197.155157</y7>
		</polygon>
	</object>
</annotation>
