<annotation>
	<folder></folder>
	<filename>71ey50gtegma1_jpg.rf.2ce8359d1359e078d955a61bf1909075.jpg</filename>
	<path>71ey50gtegma1_jpg.rf.2ce8359d1359e078d955a61bf1909075.jpg</path>
	<source>
		<database>roboflow.com</database>
	</source>
	<size>
		<width>320</width>
		<height>320</height>
		<depth>3</depth>
	</size>
	<segmented>0</segmented>
	<object>
		<name>license</name>
		<pose>Unspecified</pose>
		<truncated>0</truncated>
		<difficult>0</difficult>
		<occluded>0</occluded>
		<bndbox>
			<xmin>138</xmin>
			<xmax>197</xmax>
			<ymin>149</ymin>
			<ymax>181</ymax>
		</bndbox>
		<polygon>
			<x1>195.555</x1>
			<y1>147.795</y1>
			<x2>136.915</x2>
			<y2>148.06</y2>
			<x3>136.915</x3>
			<y3>179.635</y3>
			<x4>195.82</x4>
			<y4>179.37</y4>
			<x5>195.555</x5>
			<y5>147.795</y5>
		</polygon>
	</object>
</annotation>
