<annotation>
	<folder></folder>
	<filename>71ey50gtegma1_jpg.rf.b2736d10962028c553f8a6f7608c3d6b.jpg</filename>
	<path>71ey50gtegma1_jpg.rf.b2736d10962028c553f8a6f7608c3d6b.jpg</path>
	<source>
		<database>roboflow.com</database>
	</source>
	<size>
		<width>320</width>
		<height>320</height>
		<depth>3</depth>
	</size>
	<segmented>0</segmented>
	<object>
		<name>license</name>
		<pose>Unspecified</pose>
		<truncated>0</truncated>
		<difficult>0</difficult>
		<occluded>0</occluded>
		<bndbox>
			<xmin>138</xmin>
			<xmax>197</xmax>
			<ymin>149</ymin>
			<ymax>181</ymax>
		</bndbox>
		<polygon>
			<x1>136.915</x1>
			<y1>179.635</y1>
			<x2>195.82</x2>
			<y2>179.37</y2>
			<x3>195.555</x3>
			<y3>147.795</y3>
			<x4>136.915</x4>
			<y4>148.06</y4>
			<x5>136.915</x5>
			<y5>179.635</y5>
		</polygon>
	</object>
</annotation>
