<annotation>
	<folder></folder>
	<filename>72_jpg.rf.331a8ff0dd3b4ac6832117c4eef122b2.jpg</filename>
	<path>72_jpg.rf.331a8ff0dd3b4ac6832117c4eef122b2.jpg</path>
	<source>
		<database>roboflow.com</database>
	</source>
	<size>
		<width>320</width>
		<height>320</height>
		<depth>3</depth>
	</size>
	<segmented>0</segmented>
	<object>
		<name>license</name>
		<pose>Unspecified</pose>
		<truncated>0</truncated>
		<difficult>0</difficult>
		<occluded>0</occluded>
		<bndbox>
			<xmin>90</xmin>
			<xmax>165</xmax>
			<ymin>140</ymin>
			<ymax>176</ymax>
		</bndbox>
		<polygon>
			<x1>90.3125</x1>
			<y1>173.396501</y1>
			<x2>162.1875</x2>
			<y2>175.063776</y2>
			<x3>163.75</x3>
			<y3>172.979683</y3>
			<x4>164.375</x4>
			<y4>142.96875</y4>
			<x5>162.1875</x5>
			<y5>140.05102</y5>
			<x6>90.9375</x6>
			<y6>139.217384</y6>
			<x7>89.375</x7>
			<y7>141.301476</y7>
			<x8>88.75</x8>
			<y8>169.645135</y8>
			<x9>90.3125</x9>
			<y9>173.396501</y9>
		</polygon>
	</object>
</annotation>
