<annotation>
	<folder></folder>
	<filename>72_jpg.rf.827d1b3be482a99c100786ed6f8b7e61.jpg</filename>
	<path>72_jpg.rf.827d1b3be482a99c100786ed6f8b7e61.jpg</path>
	<source>
		<database>roboflow.com</database>
	</source>
	<size>
		<width>320</width>
		<height>320</height>
		<depth>3</depth>
	</size>
	<segmented>0</segmented>
	<object>
		<name>license</name>
		<pose>Unspecified</pose>
		<truncated>0</truncated>
		<difficult>0</difficult>
		<occluded>0</occluded>
		<bndbox>
			<xmin>90</xmin>
			<xmax>165</xmax>
			<ymin>140</ymin>
			<ymax>176</ymax>
		</bndbox>
		<polygon>
			<x1>163.75</x1>
			<y1>172.979683</y1>
			<x2>164.375</x2>
			<y2>142.96875</y2>
			<x3>162.1875</x3>
			<y3>140.05102</y3>
			<x4>90.9375</x4>
			<y4>139.217384</y4>
			<x5>89.375</x5>
			<y5>141.301476</y5>
			<x6>88.75</x6>
			<y6>169.645135</y6>
			<x7>90.3125</x7>
			<y7>173.396501</y7>
			<x8>162.1875</x8>
			<y8>175.063776</y8>
			<x9>163.75</x9>
			<y9>172.979683</y9>
		</polygon>
	</object>
</annotation>
