<annotation>
	<folder></folder>
	<filename>74_jpg.rf.f57d1f3ac88d1a38688674d324c5acae.jpg</filename>
	<path>74_jpg.rf.f57d1f3ac88d1a38688674d324c5acae.jpg</path>
	<source>
		<database>roboflow.com</database>
	</source>
	<size>
		<width>320</width>
		<height>320</height>
		<depth>3</depth>
	</size>
	<segmented>0</segmented>
	<object>
		<name>license</name>
		<pose>Unspecified</pose>
		<truncated>0</truncated>
		<difficult>0</difficult>
		<occluded>0</occluded>
		<bndbox>
			<xmin>134</xmin>
			<xmax>212</xmax>
			<ymin>115</ymin>
			<ymax>159</ymax>
		</bndbox>
		<polygon>
			<x1>211.25</x1>
			<y1>154.639668</y1>
			<x2>210</x2>
			<y2>130.464195</y2>
			<x3>207.8125</x3>
			<y3>127.546465</y3>
			<x4>156.5625</x4>
			<y4>115.04191</y4>
			<x5>133.125</x5>
			<y5>113.791454</y5>
			<x6>135.9375</x6>
			<y6>144.219206</y6>
			<x7>207.1875</x7>
			<y7>157.557398</y7>
			<x8>211.25</x8>
			<y8>154.639668</y8>
		</polygon>
	</object>
</annotation>
