<annotation>
	<folder></folder>
	<filename>74_jpg.rf.562565a07067c4dd1c104f86c8a820aa.jpg</filename>
	<path>74_jpg.rf.562565a07067c4dd1c104f86c8a820aa.jpg</path>
	<source>
		<database>roboflow.com</database>
	</source>
	<size>
		<width>320</width>
		<height>320</height>
		<depth>3</depth>
	</size>
	<segmented>0</segmented>
	<object>
		<name>license</name>
		<pose>Unspecified</pose>
		<truncated>0</truncated>
		<difficult>0</difficult>
		<occluded>0</occluded>
		<bndbox>
			<xmin>134</xmin>
			<xmax>212</xmax>
			<ymin>115</ymin>
			<ymax>159</ymax>
		</bndbox>
		<polygon>
			<x1>210</x1>
			<y1>130.464195</y1>
			<x2>207.8125</x2>
			<y2>127.546465</y2>
			<x3>156.5625</x3>
			<y3>115.04191</y3>
			<x4>133.125</x4>
			<y4>113.791454</y4>
			<x5>135.9375</x5>
			<y5>144.219206</y5>
			<x6>207.1875</x6>
			<y6>157.557398</y6>
			<x7>211.25</x7>
			<y7>154.639668</y7>
			<x8>210</x8>
			<y8>130.464195</y8>
		</polygon>
	</object>
</annotation>
