<annotation>
	<folder></folder>
	<filename>75_jpg.rf.00705842e56177a4e2dd953d45f3c5dd.jpg</filename>
	<path>75_jpg.rf.00705842e56177a4e2dd953d45f3c5dd.jpg</path>
	<source>
		<database>roboflow.com</database>
	</source>
	<size>
		<width>320</width>
		<height>320</height>
		<depth>3</depth>
	</size>
	<segmented>0</segmented>
	<object>
		<name>license</name>
		<pose>Unspecified</pose>
		<truncated>0</truncated>
		<difficult>0</difficult>
		<occluded>0</occluded>
		<bndbox>
			<xmin>120</xmin>
			<xmax>212</xmax>
			<ymin>108</ymin>
			<ymax>166</ymax>
		</bndbox>
		<polygon>
			<x1>120</x1>
			<y1>151.972486</y1>
			<x2>121.5625</x2>
			<y2>153.221574</y2>
			<x3>206.5625</x3>
			<y3>164.879738</y3>
			<x4>211.25</x4>
			<y4>161.965197</y4>
			<x5>210</x5>
			<y5>120.328899</y5>
			<x6>207.8125</x6>
			<y6>117.414358</y6>
			<x7>119.0625</x7>
			<y7>106.588921</y7>
			<x8>119.375</x8>
			<y8>146.143404</y8>
			<x9>120</x9>
			<y9>151.972486</y9>
		</polygon>
	</object>
</annotation>
