<annotation>
	<folder></folder>
	<filename>75_jpg.rf.b96afb20769a895b457abfe2cc8683ec.jpg</filename>
	<path>75_jpg.rf.b96afb20769a895b457abfe2cc8683ec.jpg</path>
	<source>
		<database>roboflow.com</database>
	</source>
	<size>
		<width>320</width>
		<height>320</height>
		<depth>3</depth>
	</size>
	<segmented>0</segmented>
	<object>
		<name>license</name>
		<pose>Unspecified</pose>
		<truncated>0</truncated>
		<difficult>0</difficult>
		<occluded>0</occluded>
		<bndbox>
			<xmin>120</xmin>
			<xmax>212</xmax>
			<ymin>108</ymin>
			<ymax>166</ymax>
		</bndbox>
		<polygon>
			<x1>206.5625</x1>
			<y1>164.879738</y1>
			<x2>211.25</x2>
			<y2>161.965197</y2>
			<x3>210</x3>
			<y3>120.328899</y3>
			<x4>207.8125</x4>
			<y4>117.414358</y4>
			<x5>119.0625</x5>
			<y5>106.588921</y5>
			<x6>119.375</x6>
			<y6>146.143404</y6>
			<x7>120</x7>
			<y7>151.972486</y7>
			<x8>121.5625</x8>
			<y8>153.221574</y8>
			<x9>206.5625</x9>
			<y9>164.879738</y9>
		</polygon>
	</object>
</annotation>
