<annotation>
	<folder></folder>
	<filename>75zYjIR8Mh11i3i6GSO6LNrn180hDjYvOSbifuinK8A_jpg.rf.46976fd22b480e0f356799d6c9f5dd94.jpg</filename>
	<path>75zYjIR8Mh11i3i6GSO6LNrn180hDjYvOSbifuinK8A_jpg.rf.46976fd22b480e0f356799d6c9f5dd94.jpg</path>
	<source>
		<database>roboflow.com</database>
	</source>
	<size>
		<width>320</width>
		<height>320</height>
		<depth>3</depth>
	</size>
	<segmented>0</segmented>
	<object>
		<name>license</name>
		<pose>Unspecified</pose>
		<truncated>0</truncated>
		<difficult>0</difficult>
		<occluded>0</occluded>
		<bndbox>
			<xmin>138</xmin>
			<xmax>192</xmax>
			<ymin>138</ymin>
			<ymax>173</ymax>
		</bndbox>
		<polygon>
			<x1>136.85</x1>
			<y1>172.217625</y1>
			<x2>190.955</x2>
			<y2>170.887356</y2>
			<x3>190.09</x3>
			<y3>136.92567</y3>
			<x4>136.85</x4>
			<y4>137.189272</y4>
			<x5>136.85</x5>
			<y5>172.217625</y5>
		</polygon>
	</object>
</annotation>
