<annotation>
	<folder></folder>
	<filename>75zYjIR8Mh11i3i6GSO6LNrn180hDjYvOSbifuinK8A_jpg.rf.c7e958ac15c2a49078ca81225f0b1728.jpg</filename>
	<path>75zYjIR8Mh11i3i6GSO6LNrn180hDjYvOSbifuinK8A_jpg.rf.c7e958ac15c2a49078ca81225f0b1728.jpg</path>
	<source>
		<database>roboflow.com</database>
	</source>
	<size>
		<width>320</width>
		<height>320</height>
		<depth>3</depth>
	</size>
	<segmented>0</segmented>
	<object>
		<name>license</name>
		<pose>Unspecified</pose>
		<truncated>0</truncated>
		<difficult>0</difficult>
		<occluded>0</occluded>
		<bndbox>
			<xmin>138</xmin>
			<xmax>192</xmax>
			<ymin>138</ymin>
			<ymax>173</ymax>
		</bndbox>
		<polygon>
			<x1>190.09</x1>
			<y1>136.92567</y1>
			<x2>136.85</x2>
			<y2>137.189272</y2>
			<x3>136.85</x3>
			<y3>172.217625</y3>
			<x4>190.955</x4>
			<y4>170.887356</y4>
			<x5>190.09</x5>
			<y5>136.92567</y5>
		</polygon>
	</object>
</annotation>
