<annotation>
	<folder></folder>
	<filename>7696kmyx4fla1_jpg.rf.100467c12779c6b35017c7b781fbab06.jpg</filename>
	<path>7696kmyx4fla1_jpg.rf.100467c12779c6b35017c7b781fbab06.jpg</path>
	<source>
		<database>roboflow.com</database>
	</source>
	<size>
		<width>320</width>
		<height>320</height>
		<depth>3</depth>
	</size>
	<segmented>0</segmented>
	<object>
		<name>license</name>
		<pose>Unspecified</pose>
		<truncated>0</truncated>
		<difficult>0</difficult>
		<occluded>0</occluded>
		<bndbox>
			<xmin>143</xmin>
			<xmax>171</xmax>
			<ymin>177</ymin>
			<ymax>193</ymax>
		</bndbox>
		<polygon>
			<x1>170.42</x1>
			<y1>176.443719</y1>
			<x2>142.21</x2>
			<y2>176.443719</y2>
			<x3>141.96</x3>
			<y3>191.832953</y3>
			<x4>170.17</x4>
			<y4>192.099184</y4>
			<x5>170.42</x5>
			<y5>176.443719</y5>
		</polygon>
	</object>
</annotation>
