<annotation>
	<folder></folder>
	<filename>7696kmyx4fla1_jpg.rf.aa0442fc477635a3c3574d0990a6f4bc.jpg</filename>
	<path>7696kmyx4fla1_jpg.rf.aa0442fc477635a3c3574d0990a6f4bc.jpg</path>
	<source>
		<database>roboflow.com</database>
	</source>
	<size>
		<width>320</width>
		<height>320</height>
		<depth>3</depth>
	</size>
	<segmented>0</segmented>
	<object>
		<name>license</name>
		<pose>Unspecified</pose>
		<truncated>0</truncated>
		<difficult>0</difficult>
		<occluded>0</occluded>
		<bndbox>
			<xmin>143</xmin>
			<xmax>171</xmax>
			<ymin>177</ymin>
			<ymax>193</ymax>
		</bndbox>
		<polygon>
			<x1>141.96</x1>
			<y1>191.832953</y1>
			<x2>170.17</x2>
			<y2>192.099184</y2>
			<x3>170.42</x3>
			<y3>176.443719</y3>
			<x4>142.21</x4>
			<y4>176.443719</y4>
			<x5>141.96</x5>
			<y5>191.832953</y5>
		</polygon>
	</object>
</annotation>
