<annotation>
	<folder></folder>
	<filename>76_jpg.rf.54ff28609a6796dd3387c2f249ab92d4.jpg</filename>
	<path>76_jpg.rf.54ff28609a6796dd3387c2f249ab92d4.jpg</path>
	<source>
		<database>roboflow.com</database>
	</source>
	<size>
		<width>320</width>
		<height>320</height>
		<depth>3</depth>
	</size>
	<segmented>0</segmented>
	<object>
		<name>license</name>
		<pose>Unspecified</pose>
		<truncated>0</truncated>
		<difficult>0</difficult>
		<occluded>0</occluded>
		<bndbox>
			<xmin>111</xmin>
			<xmax>207</xmax>
			<ymin>116</ymin>
			<ymax>173</ymax>
		</bndbox>
		<polygon>
			<x1>110</x1>
			<y1>157.801567</y1>
			<x2>111.5625</x2>
			<y2>160.716108</y2>
			<x3>195.3125</x3>
			<y3>171.541545</y3>
			<x4>202.1875</x4>
			<y4>171.541545</y4>
			<x5>204.375</x5>
			<y5>168.627005</y5>
			<x6>205.625</x6>
			<y6>131.987063</y6>
			<x7>203.4375</x7>
			<y7>125.741618</y7>
			<x8>113.4375</x8>
			<y8>114.916181</y8>
			<x9>110.625</x9>
			<y9>118.663448</y9>
			<x10>110</x10>
			<y10>157.801567</y10>
		</polygon>
	</object>
</annotation>
