<annotation>
	<folder></folder>
	<filename>76_jpg.rf.c1790717317ac4a19cd4cb54a1d09950.jpg</filename>
	<path>76_jpg.rf.c1790717317ac4a19cd4cb54a1d09950.jpg</path>
	<source>
		<database>roboflow.com</database>
	</source>
	<size>
		<width>320</width>
		<height>320</height>
		<depth>3</depth>
	</size>
	<segmented>0</segmented>
	<object>
		<name>license</name>
		<pose>Unspecified</pose>
		<truncated>0</truncated>
		<difficult>0</difficult>
		<occluded>0</occluded>
		<bndbox>
			<xmin>111</xmin>
			<xmax>207</xmax>
			<ymin>116</ymin>
			<ymax>173</ymax>
		</bndbox>
		<polygon>
			<x1>202.1875</x1>
			<y1>171.541545</y1>
			<x2>204.375</x2>
			<y2>168.627005</y2>
			<x3>205.625</x3>
			<y3>131.987063</y3>
			<x4>203.4375</x4>
			<y4>125.741618</y4>
			<x5>113.4375</x5>
			<y5>114.916181</y5>
			<x6>110.625</x6>
			<y6>118.663448</y6>
			<x7>110</x7>
			<y7>157.801567</y7>
			<x8>111.5625</x8>
			<y8>160.716108</y8>
			<x9>195.3125</x9>
			<y9>171.541545</y9>
			<x10>202.1875</x10>
			<y10>171.541545</y10>
		</polygon>
	</object>
</annotation>
