<annotation>
	<folder></folder>
	<filename>77_jpg.rf.0b09cc6bbd836bbeecb428cdb5758a27.jpg</filename>
	<path>77_jpg.rf.0b09cc6bbd836bbeecb428cdb5758a27.jpg</path>
	<source>
		<database>roboflow.com</database>
	</source>
	<size>
		<width>320</width>
		<height>320</height>
		<depth>3</depth>
	</size>
	<segmented>0</segmented>
	<object>
		<name>license</name>
		<pose>Unspecified</pose>
		<truncated>0</truncated>
		<difficult>0</difficult>
		<occluded>0</occluded>
		<bndbox>
			<xmin>79</xmin>
			<xmax>185</xmax>
			<ymin>137</ymin>
			<ymax>199</ymax>
		</bndbox>
		<polygon>
			<x1>79.0625</x1>
			<y1>181.534256</y1>
			<x2>180.9375</x2>
			<y2>198.188776</y2>
			<x3>184.375</x3>
			<y3>195.274235</y3>
			<x4>183.75</x4>
			<y4>158.634293</y4>
			<x5>180.9375</x5>
			<y5>152.388849</y5>
			<x6>105.9375</x6>
			<y6>139.065233</y6>
			<x7>77.5</x7>
			<y7>136.150692</y7>
			<x8>77.5</x8>
			<y8>173.62336</y8>
			<x9>79.0625</x9>
			<y9>181.534256</y9>
		</polygon>
	</object>
</annotation>
