<annotation>
	<folder></folder>
	<filename>77_jpg.rf.57ba6db157764d47f404bd67ffe57be1.jpg</filename>
	<path>77_jpg.rf.57ba6db157764d47f404bd67ffe57be1.jpg</path>
	<source>
		<database>roboflow.com</database>
	</source>
	<size>
		<width>320</width>
		<height>320</height>
		<depth>3</depth>
	</size>
	<segmented>0</segmented>
	<object>
		<name>license</name>
		<pose>Unspecified</pose>
		<truncated>0</truncated>
		<difficult>0</difficult>
		<occluded>0</occluded>
		<bndbox>
			<xmin>79</xmin>
			<xmax>185</xmax>
			<ymin>137</ymin>
			<ymax>199</ymax>
		</bndbox>
		<polygon>
			<x1>184.375</x1>
			<y1>195.274235</y1>
			<x2>183.75</x2>
			<y2>158.634293</y2>
			<x3>180.9375</x3>
			<y3>152.388849</y3>
			<x4>105.9375</x4>
			<y4>139.065233</y4>
			<x5>77.5</x5>
			<y5>136.150692</y5>
			<x6>77.5</x6>
			<y6>173.62336</y6>
			<x7>79.0625</x7>
			<y7>181.534256</y7>
			<x8>180.9375</x8>
			<y8>198.188776</y8>
			<x9>184.375</x9>
			<y9>195.274235</y9>
		</polygon>
	</object>
</annotation>
