<annotation>
	<folder></folder>
	<filename>78_jpg.rf.f5690d07e798f3f218590c4cdc7e36d6.jpg</filename>
	<path>78_jpg.rf.f5690d07e798f3f218590c4cdc7e36d6.jpg</path>
	<source>
		<database>roboflow.com</database>
	</source>
	<size>
		<width>320</width>
		<height>320</height>
		<depth>3</depth>
	</size>
	<segmented>0</segmented>
	<object>
		<name>license</name>
		<pose>Unspecified</pose>
		<truncated>0</truncated>
		<difficult>0</difficult>
		<occluded>0</occluded>
		<bndbox>
			<xmin>112</xmin>
			<xmax>200</xmax>
			<ymin>119</ymin>
			<ymax>168</ymax>
		</bndbox>
		<polygon>
			<x1>189.0625</x1>
			<y1>166.54519</y1>
			<x2>197.8125</x2>
			<y2>166.54519</y2>
			<x3>199.375</x3>
			<y3>164.463374</y3>
			<x4>198.75</x4>
			<y4>131.154337</y4>
			<x5>195.9375</x5>
			<y5>125.741618</y5>
			<x6>121.5625</x6>
			<y6>118.247085</y6>
			<x7>111.25</x7>
			<y7>119.496174</y7>
			<x8>110.625</x8>
			<y8>146.143404</y8>
			<x9>111.25</x9>
			<y9>155.303389</y9>
			<x10>113.4375</x10>
			<y10>158.21793</y10>
			<x11>189.0625</x11>
			<y11>166.54519</y11>
		</polygon>
	</object>
</annotation>
