<annotation>
	<folder></folder>
	<filename>78_jpg.rf.bb63e3dad20a090d073756943680b3ca.jpg</filename>
	<path>78_jpg.rf.bb63e3dad20a090d073756943680b3ca.jpg</path>
	<source>
		<database>roboflow.com</database>
	</source>
	<size>
		<width>320</width>
		<height>320</height>
		<depth>3</depth>
	</size>
	<segmented>0</segmented>
	<object>
		<name>license</name>
		<pose>Unspecified</pose>
		<truncated>0</truncated>
		<difficult>0</difficult>
		<occluded>0</occluded>
		<bndbox>
			<xmin>112</xmin>
			<xmax>200</xmax>
			<ymin>119</ymin>
			<ymax>168</ymax>
		</bndbox>
		<polygon>
			<x1>111.25</x1>
			<y1>119.496174</y1>
			<x2>110.625</x2>
			<y2>146.143404</y2>
			<x3>111.25</x3>
			<y3>155.303389</y3>
			<x4>113.4375</x4>
			<y4>158.21793</y4>
			<x5>189.0625</x5>
			<y5>166.54519</y5>
			<x6>197.8125</x6>
			<y6>166.54519</y6>
			<x7>199.375</x7>
			<y7>164.463374</y7>
			<x8>198.75</x8>
			<y8>131.154337</y8>
			<x9>195.9375</x9>
			<y9>125.741618</y9>
			<x10>121.5625</x10>
			<y10>118.247085</y10>
			<x11>111.25</x11>
			<y11>119.496174</y11>
		</polygon>
	</object>
</annotation>
