<annotation>
	<folder></folder>
	<filename>7_jpg.rf.a023bcc68ad32073ac194c1e8f602ce5.jpg</filename>
	<path>7_jpg.rf.a023bcc68ad32073ac194c1e8f602ce5.jpg</path>
	<source>
		<database>roboflow.com</database>
	</source>
	<size>
		<width>320</width>
		<height>320</height>
		<depth>3</depth>
	</size>
	<segmented>0</segmented>
	<object>
		<name>license</name>
		<pose>Unspecified</pose>
		<truncated>0</truncated>
		<difficult>0</difficult>
		<occluded>0</occluded>
		<bndbox>
			<xmin>95</xmin>
			<xmax>224</xmax>
			<ymin>85</ymin>
			<ymax>177</ymax>
		</bndbox>
		<polygon>
			<x1>220</x1>
			<y1>170.478772</y1>
			<x2>223.125</x2>
			<y2>96.285077</y2>
			<x3>219.6875</x3>
			<y3>91.700073</y3>
			<x4>102.1875</x4>
			<y4>84.19734</y4>
			<x5>98.125</x5>
			<y5>88.782343</y5>
			<x6>95.625</x6>
			<y6>121.294187</y6>
			<x7>93.75</x7>
			<y7>162.142401</y7>
			<x8>97.1875</x8>
			<y8>167.561042</y8>
			<x9>213.4375</x9>
			<y9>175.897412</y9>
			<x10>220</x10>
			<y10>170.478772</y10>
		</polygon>
	</object>
</annotation>
