<annotation>
	<folder></folder>
	<filename>7_jpg.rf.5224e754325df465312d027c0086806c.jpg</filename>
	<path>7_jpg.rf.5224e754325df465312d027c0086806c.jpg</path>
	<source>
		<database>roboflow.com</database>
	</source>
	<size>
		<width>320</width>
		<height>320</height>
		<depth>3</depth>
	</size>
	<segmented>0</segmented>
	<object>
		<name>license</name>
		<pose>Unspecified</pose>
		<truncated>0</truncated>
		<difficult>0</difficult>
		<occluded>0</occluded>
		<bndbox>
			<xmin>95</xmin>
			<xmax>224</xmax>
			<ymin>85</ymin>
			<ymax>177</ymax>
		</bndbox>
		<polygon>
			<x1>93.75</x1>
			<y1>162.142401</y1>
			<x2>97.1875</x2>
			<y2>167.561042</y2>
			<x3>213.4375</x3>
			<y3>175.897412</y3>
			<x4>220</x4>
			<y4>170.478772</y4>
			<x5>223.125</x5>
			<y5>96.285077</y5>
			<x6>219.6875</x6>
			<y6>91.700073</y6>
			<x7>102.1875</x7>
			<y7>84.19734</y7>
			<x8>98.125</x8>
			<y8>88.782343</y8>
			<x9>95.625</x9>
			<y9>121.294187</y9>
			<x10>93.75</x10>
			<y10>162.142401</y10>
		</polygon>
	</object>
</annotation>
