<annotation>
	<folder></folder>
	<filename>7g12v72r1vga1_jpg.rf.ce9fcd84537e09b8cfb01c71e992bd91.jpg</filename>
	<path>7g12v72r1vga1_jpg.rf.ce9fcd84537e09b8cfb01c71e992bd91.jpg</path>
	<source>
		<database>roboflow.com</database>
	</source>
	<size>
		<width>320</width>
		<height>320</height>
		<depth>3</depth>
	</size>
	<segmented>0</segmented>
	<object>
		<name>license</name>
		<pose>Unspecified</pose>
		<truncated>0</truncated>
		<difficult>0</difficult>
		<occluded>0</occluded>
		<bndbox>
			<xmin>121</xmin>
			<xmax>198</xmax>
			<ymin>177</ymin>
			<ymax>230</ymax>
		</bndbox>
		<polygon>
			<x1>119.925</x1>
			<y1>222.082397</y1>
			<x2>194.09</x2>
			<y2>228.716105</y2>
			<x3>196.525</x3>
			<y3>178.834457</y3>
			<x4>122.58</x4>
			<y4>176.179775</y4>
			<x5>119.925</x5>
			<y5>222.082397</y5>
		</polygon>
	</object>
</annotation>
