<annotation>
	<folder></folder>
	<filename>7g12v72r1vga1_jpg.rf.839fae7ab494cab7e8487d357c08ebfd.jpg</filename>
	<path>7g12v72r1vga1_jpg.rf.839fae7ab494cab7e8487d357c08ebfd.jpg</path>
	<source>
		<database>roboflow.com</database>
	</source>
	<size>
		<width>320</width>
		<height>320</height>
		<depth>3</depth>
	</size>
	<segmented>0</segmented>
	<object>
		<name>license</name>
		<pose>Unspecified</pose>
		<truncated>0</truncated>
		<difficult>0</difficult>
		<occluded>0</occluded>
		<bndbox>
			<xmin>121</xmin>
			<xmax>198</xmax>
			<ymin>177</ymin>
			<ymax>230</ymax>
		</bndbox>
		<polygon>
			<x1>196.525</x1>
			<y1>178.834457</y1>
			<x2>122.58</x2>
			<y2>176.179775</y2>
			<x3>119.925</x3>
			<y3>222.082397</y3>
			<x4>194.09</x4>
			<y4>228.716105</y4>
			<x5>196.525</x5>
			<y5>178.834457</y5>
		</polygon>
	</object>
</annotation>
