<annotation>
	<folder></folder>
	<filename>7ijxq29z7qea1_jpg.rf.8103adb7595095942a8910896368453b.jpg</filename>
	<path>7ijxq29z7qea1_jpg.rf.8103adb7595095942a8910896368453b.jpg</path>
	<source>
		<database>roboflow.com</database>
	</source>
	<size>
		<width>320</width>
		<height>320</height>
		<depth>3</depth>
	</size>
	<segmented>0</segmented>
	<object>
		<name>license</name>
		<pose>Unspecified</pose>
		<truncated>0</truncated>
		<difficult>0</difficult>
		<occluded>0</occluded>
		<bndbox>
			<xmin>121</xmin>
			<xmax>184</xmax>
			<ymin>113</ymin>
			<ymax>171</ymax>
		</bndbox>
		<polygon>
			<x1>120.745</x1>
			<y1>170.346667</y1>
			<x2>182.535</x2>
			<y2>167.164444</y2>
			<x3>180.895</x3>
			<y3>112.24</y3>
			<x4>119.85</x4>
			<y4>114.364444</y4>
			<x5>120.745</x5>
			<y5>170.346667</y5>
		</polygon>
	</object>
</annotation>
