<annotation>
	<folder></folder>
	<filename>7ijxq29z7qea1_jpg.rf.28d64cac3ef0cf2d2a789e5dc728cfbe.jpg</filename>
	<path>7ijxq29z7qea1_jpg.rf.28d64cac3ef0cf2d2a789e5dc728cfbe.jpg</path>
	<source>
		<database>roboflow.com</database>
	</source>
	<size>
		<width>320</width>
		<height>320</height>
		<depth>3</depth>
	</size>
	<segmented>0</segmented>
	<object>
		<name>license</name>
		<pose>Unspecified</pose>
		<truncated>0</truncated>
		<difficult>0</difficult>
		<occluded>0</occluded>
		<bndbox>
			<xmin>121</xmin>
			<xmax>184</xmax>
			<ymin>113</ymin>
			<ymax>171</ymax>
		</bndbox>
		<polygon>
			<x1>180.895</x1>
			<y1>112.24</y1>
			<x2>119.85</x2>
			<y2>114.364444</y2>
			<x3>120.745</x3>
			<y3>170.346667</y3>
			<x4>182.535</x4>
			<y4>167.164444</y4>
			<x5>180.895</x5>
			<y5>112.24</y5>
		</polygon>
	</object>
</annotation>
