<annotation>
	<folder></folder>
	<filename>7ocnpsitp0oa1_jpg.rf.85b16f6a07ad4d33a81a6b068127e6de.jpg</filename>
	<path>7ocnpsitp0oa1_jpg.rf.85b16f6a07ad4d33a81a6b068127e6de.jpg</path>
	<source>
		<database>roboflow.com</database>
	</source>
	<size>
		<width>320</width>
		<height>320</height>
		<depth>3</depth>
	</size>
	<segmented>0</segmented>
	<object>
		<name>license</name>
		<pose>Unspecified</pose>
		<truncated>0</truncated>
		<difficult>0</difficult>
		<occluded>0</occluded>
		<bndbox>
			<xmin>134</xmin>
			<xmax>185</xmax>
			<ymin>206</ymin>
			<ymax>247</ymax>
		</bndbox>
		<polygon>
			<x1>183.58</x1>
			<y1>206.95814</y1>
			<x2>133.52</x2>
			<y2>205.362274</y2>
			<x3>132.875</x3>
			<y3>244.89509</y3>
			<x4>183.255</x4>
			<y4>245.697158</y4>
			<x5>183.58</x5>
			<y5>206.95814</y5>
		</polygon>
	</object>
</annotation>
