<annotation>
	<folder></folder>
	<filename>7ocnpsitp0oa1_jpg.rf.5e8cc87ced385ee0841a0f241b1170af.jpg</filename>
	<path>7ocnpsitp0oa1_jpg.rf.5e8cc87ced385ee0841a0f241b1170af.jpg</path>
	<source>
		<database>roboflow.com</database>
	</source>
	<size>
		<width>320</width>
		<height>320</height>
		<depth>3</depth>
	</size>
	<segmented>0</segmented>
	<object>
		<name>license</name>
		<pose>Unspecified</pose>
		<truncated>0</truncated>
		<difficult>0</difficult>
		<occluded>0</occluded>
		<bndbox>
			<xmin>134</xmin>
			<xmax>185</xmax>
			<ymin>206</ymin>
			<ymax>247</ymax>
		</bndbox>
		<polygon>
			<x1>132.875</x1>
			<y1>244.89509</y1>
			<x2>183.255</x2>
			<y2>245.697158</y2>
			<x3>183.58</x3>
			<y3>206.95814</y3>
			<x4>133.52</x4>
			<y4>205.362274</y4>
			<x5>132.875</x5>
			<y5>244.89509</y5>
		</polygon>
	</object>
</annotation>
