<annotation>
	<folder></folder>
	<filename>7uiom7ezxcoa1_jpg.rf.baff5d9a51d382f688cb6b96d266b386.jpg</filename>
	<path>7uiom7ezxcoa1_jpg.rf.baff5d9a51d382f688cb6b96d266b386.jpg</path>
	<source>
		<database>roboflow.com</database>
	</source>
	<size>
		<width>320</width>
		<height>320</height>
		<depth>3</depth>
	</size>
	<segmented>0</segmented>
	<object>
		<name>license</name>
		<pose>Unspecified</pose>
		<truncated>0</truncated>
		<difficult>0</difficult>
		<occluded>0</occluded>
		<bndbox>
			<xmin>89</xmin>
			<xmax>127</xmax>
			<ymin>153</ymin>
			<ymax>172</ymax>
		</bndbox>
		<polygon>
			<x1>88.095</x1>
			<y1>170.615</y1>
			<x2>124.71</x2>
			<y2>171.145</y2>
			<x3>126.3</x3>
			<y3>152.305</y3>
			<x4>89.155</x4>
			<y4>152.04</y4>
			<x5>88.095</x5>
			<y5>170.615</y5>
		</polygon>
	</object>
</annotation>
