<annotation>
	<folder></folder>
	<filename>7uiom7ezxcoa1_jpg.rf.9a0177c7e594955716a3070777d73b71.jpg</filename>
	<path>7uiom7ezxcoa1_jpg.rf.9a0177c7e594955716a3070777d73b71.jpg</path>
	<source>
		<database>roboflow.com</database>
	</source>
	<size>
		<width>320</width>
		<height>320</height>
		<depth>3</depth>
	</size>
	<segmented>0</segmented>
	<object>
		<name>license</name>
		<pose>Unspecified</pose>
		<truncated>0</truncated>
		<difficult>0</difficult>
		<occluded>0</occluded>
		<bndbox>
			<xmin>89</xmin>
			<xmax>127</xmax>
			<ymin>153</ymin>
			<ymax>172</ymax>
		</bndbox>
		<polygon>
			<x1>126.3</x1>
			<y1>152.305</y1>
			<x2>89.155</x2>
			<y2>152.04</y2>
			<x3>88.095</x3>
			<y3>170.615</y3>
			<x4>124.71</x4>
			<y4>171.145</y4>
			<x5>126.3</x5>
			<y5>152.305</y5>
		</polygon>
	</object>
</annotation>
