<annotation>
	<folder></folder>
	<filename>81_jpg.rf.9fb38beee16779f73b2dad8a3266ded8.jpg</filename>
	<path>81_jpg.rf.9fb38beee16779f73b2dad8a3266ded8.jpg</path>
	<source>
		<database>roboflow.com</database>
	</source>
	<size>
		<width>320</width>
		<height>320</height>
		<depth>3</depth>
	</size>
	<segmented>0</segmented>
	<object>
		<name>license</name>
		<pose>Unspecified</pose>
		<truncated>0</truncated>
		<difficult>0</difficult>
		<occluded>0</occluded>
		<bndbox>
			<xmin>80</xmin>
			<xmax>200</xmax>
			<ymin>118</ymin>
			<ymax>183</ymax>
		</bndbox>
		<polygon>
			<x1>83.4375</x1>
			<y1>130.737974</y1>
			<x2>81.25</x2>
			<y2>139.481596</y2>
			<x3>79.375</x3>
			<y3>176.121538</y3>
			<x4>82.8125</x4>
			<y4>182.366983</y4>
			<x5>187.8125</x5>
			<y5>169.876093</y5>
			<x6>194.0625</x6>
			<y6>168.210641</y6>
			<x7>196.25</x7>
			<y7>164.463374</y7>
			<x8>198.75</x8>
			<y8>118.663448</y8>
			<x9>197.1875</x9>
			<y9>116.581633</y9>
			<x10>172.1875</x10>
			<y10>117.414358</y10>
			<x11>89.6875</x11>
			<y11>128.239796</y11>
			<x12>83.4375</x12>
			<y12>130.737974</y12>
		</polygon>
	</object>
</annotation>
