<annotation>
	<folder></folder>
	<filename>81_jpg.rf.9ca5e43b1b5739a409b15411a0e4ade4.jpg</filename>
	<path>81_jpg.rf.9ca5e43b1b5739a409b15411a0e4ade4.jpg</path>
	<source>
		<database>roboflow.com</database>
	</source>
	<size>
		<width>320</width>
		<height>320</height>
		<depth>3</depth>
	</size>
	<segmented>0</segmented>
	<object>
		<name>license</name>
		<pose>Unspecified</pose>
		<truncated>0</truncated>
		<difficult>0</difficult>
		<occluded>0</occluded>
		<bndbox>
			<xmin>80</xmin>
			<xmax>200</xmax>
			<ymin>118</ymin>
			<ymax>183</ymax>
		</bndbox>
		<polygon>
			<x1>194.0625</x1>
			<y1>168.210641</y1>
			<x2>196.25</x2>
			<y2>164.463374</y2>
			<x3>198.75</x3>
			<y3>118.663448</y3>
			<x4>197.1875</x4>
			<y4>116.581633</y4>
			<x5>172.1875</x5>
			<y5>117.414358</y5>
			<x6>89.6875</x6>
			<y6>128.239796</y6>
			<x7>83.4375</x7>
			<y7>130.737974</y7>
			<x8>81.25</x8>
			<y8>139.481596</y8>
			<x9>79.375</x9>
			<y9>176.121538</y9>
			<x10>82.8125</x10>
			<y10>182.366983</y10>
			<x11>187.8125</x11>
			<y11>169.876093</y11>
			<x12>194.0625</x12>
			<y12>168.210641</y12>
		</polygon>
	</object>
</annotation>
