<annotation>
	<folder></folder>
	<filename>83_jpg.rf.76fc8d3306d52c99829f981abecead9a.jpg</filename>
	<path>83_jpg.rf.76fc8d3306d52c99829f981abecead9a.jpg</path>
	<source>
		<database>roboflow.com</database>
	</source>
	<size>
		<width>320</width>
		<height>320</height>
		<depth>3</depth>
	</size>
	<segmented>0</segmented>
	<object>
		<name>license</name>
		<pose>Unspecified</pose>
		<truncated>0</truncated>
		<difficult>0</difficult>
		<occluded>0</occluded>
		<bndbox>
			<xmin>169</xmin>
			<xmax>245</xmax>
			<ymin>118</ymin>
			<ymax>154</ymax>
		</bndbox>
		<polygon>
			<x1>168.125</x1>
			<y1>149.637846</y1>
			<x2>169.6875</x2>
			<y2>151.721939</y2>
			<x3>204.6875</x3>
			<y3>152.555576</y3>
			<x4>234.6875</x4>
			<y4>150.888302</y4>
			<x5>244.375</x5>
			<y5>147.970572</y5>
			<x6>244.375</x6>
			<y6>121.294187</y6>
			<x7>241.5625</x7>
			<y7>116.709183</y7>
			<x8>184.0625</x8>
			<y8>118.376458</y8>
			<x9>168.75</x9>
			<y9>121.294187</y9>
			<x10>168.125</x10>
			<y10>149.637846</y10>
		</polygon>
	</object>
</annotation>
