<annotation>
	<folder></folder>
	<filename>83_jpg.rf.54bcb44d4876d0f90ee4d780a57cfab7.jpg</filename>
	<path>83_jpg.rf.54bcb44d4876d0f90ee4d780a57cfab7.jpg</path>
	<source>
		<database>roboflow.com</database>
	</source>
	<size>
		<width>320</width>
		<height>320</height>
		<depth>3</depth>
	</size>
	<segmented>0</segmented>
	<object>
		<name>license</name>
		<pose>Unspecified</pose>
		<truncated>0</truncated>
		<difficult>0</difficult>
		<occluded>0</occluded>
		<bndbox>
			<xmin>169</xmin>
			<xmax>245</xmax>
			<ymin>118</ymin>
			<ymax>154</ymax>
		</bndbox>
		<polygon>
			<x1>234.6875</x1>
			<y1>150.888302</y1>
			<x2>244.375</x2>
			<y2>147.970572</y2>
			<x3>244.375</x3>
			<y3>121.294187</y3>
			<x4>241.5625</x4>
			<y4>116.709183</y4>
			<x5>184.0625</x5>
			<y5>118.376458</y5>
			<x6>168.75</x6>
			<y6>121.294187</y6>
			<x7>168.125</x7>
			<y7>149.637846</y7>
			<x8>169.6875</x8>
			<y8>151.721939</y8>
			<x9>204.6875</x9>
			<y9>152.555576</y9>
			<x10>234.6875</x10>
			<y10>150.888302</y10>
		</polygon>
	</object>
</annotation>
